COD_MATERIAL|JERARQUIA|VENTA
101824|SISTEMA CARDIOVASCULAR|-15.65273207
110858|SISTEMA CARDIOVASCULAR|-11.3504871
112539|SISTEMA CARDIOVASCULAR|256.7425395
114358|SISTEMA GENITOURINARIO Y HORMONAS SEXUAL|29446.28718
115757|SISTEMA CARDIOVASCULAR|157.6632262
115814|SISTEMA CARDIOVASCULAR|3814.507858
117320|SANGRE Y ORGANOS HEMATOPOYETICOS|25.74755767
117324||113.1779548
117597|HIGIENE Y CUIDADO CAPILAR|0
119281|SISTEMA CARDIOVASCULAR|7171.797264
119349|SISTEMA CARDIOVASCULAR|437.3745662
119844|SISTEMA CARDIOVASCULAR|25.5522268
120513|SISTEMA GENITOURINARIO Y HORMONAS SEXUAL|4517.134526
120571|SISTEMA GENITOURINARIO Y HORMONAS SEXUAL|801.5337293
120990|SISTEMA CARDIOVASCULAR|33.15618246
121284|SISTEMA CARDIOVASCULAR|2839.8681
123440|SISTEMA CARDIOVASCULAR|187.6037343
123572|SISTEMA GENITOURINARIO Y HORMONAS SEXUAL|1864.786662
123602|SISTEMA GENITOURINARIO Y HORMONAS SEXUAL|400.2036309
123728|SISTEMA CARDIOVASCULAR|3374.969926
123756|SISTEMA CARDIOVASCULAR|130.8359669
124139|SISTEMA CARDIOVASCULAR|-14.20426323
130535|SISTEMA CARDIOVASCULAR|37.07019199
133185|SISTEMA CARDIOVASCULAR|62.91105624
133362|SISTEMA CARDIOVASCULAR|233.4946846
133866|SISTEMA CARDIOVASCULAR|3040.877909
134275|SISTEMA CARDIOVASCULAR|164.2226004
134436|SANGRE Y ORGANOS HEMATOPOYETICOS|118.3802031
134522|SISTEMA CARDIOVASCULAR|275.7815434
134524||7.123223682
135828|SISTEMA GENITOURINARIO Y HORMONAS SEXUAL|49.26710462
135951|SISTEMA CARDIOVASCULAR|25701.37986
136340|HIGIENE Y CUIDADO CAPILAR|1163.127117
136519|SISTEMA CARDIOVASCULAR|670.1666231
136793|SISTEMA CARDIOVASCULAR|1147.288425
136942|SANGRE Y ORGANOS HEMATOPOYETICOS|-0.264557669
140363|SISTEMA GENITOURINARIO Y HORMONAS SEXUAL|241.6703408
141423|SISTEMA GENITOURINARIO Y HORMONAS SEXUAL|1080.987855
141577|SISTEMA GENITOURINARIO Y HORMONAS SEXUAL|12.93151232
141653|SISTEMA GENITOURINARIO Y HORMONAS SEXUAL|410.9522466
153436|SISTEMA GENITOURINARIO Y HORMONAS SEXUAL|-2.435579326
153558|HIGIENE Y CUIDADO CAPILAR|28.44382343
154695|SISTEMA GENITOURINARIO Y HORMONAS SEXUAL|433.6240839
159014|HIGIENE Y CUIDADO CAPILAR|2470.473817
160172|SISTEMA GENITOURINARIO Y HORMONAS SEXUAL|1199.021642
161425|SISTEMA GENITOURINARIO Y HORMONAS SEXUAL|782.5192972
164851|HIGIENE Y CUIDADO CAPILAR|1.602811565
168503|SISTEMA CARDIOVASCULAR|1303.245877
172702|SISTEMA GENITOURINARIO Y HORMONAS SEXUAL|119712.7924
175451|SISTEMA GENITOURINARIO Y HORMONAS SEXUAL|1313.077665
179428|SANGRE Y ORGANOS HEMATOPOYETICOS|729.0570737
182779|SISTEMA GENITOURINARIO Y HORMONAS SEXUAL|574.98733
185304|SISTEMA CARDIOVASCULAR|249.0861938
186026|SISTEMA CARDIOVASCULAR|6195.182823
187234|SISTEMA CARDIOVASCULAR|-32.49972392
188489|HIGIENE Y CUIDADO CAPILAR|224.3685114
188490|HIGIENE Y CUIDADO CAPILAR|31.14842985
190609|SANGRE Y ORGANOS HEMATOPOYETICOS|28156.94533
196268|SISTEMA GENITOURINARIO Y HORMONAS SEXUAL|10778.62711
196651|SISTEMA CARDIOVASCULAR|6742.646915
196915|HIGIENE Y CUIDADO CAPILAR|18312.81086
197658|SANGRE Y ORGANOS HEMATOPOYETICOS|9.599098306
197659|SANGRE Y ORGANOS HEMATOPOYETICOS|33.4064942
201279|SISTEMA GENITOURINARIO Y HORMONAS SEXUAL|1111.088642
212119|SISTEMA GENITOURINARIO Y HORMONAS SEXUAL|168.1036843
217917|HIGIENE Y CUIDADO CAPILAR|1471.142607
218237|SANGRE Y ORGANOS HEMATOPOYETICOS|82.36703985
218238|SANGRE Y ORGANOS HEMATOPOYETICOS|200.6332572
220517|HIGIENE Y CUIDADO CAPILAR|2.307922311
221057|HIGIENE Y CUIDADO CAPILAR|323.2848071
221723|HIGIENE Y CUIDADO CAPILAR|128.3431557
221724|HIGIENE Y CUIDADO CAPILAR|11.46481155
221725|HIGIENE Y CUIDADO CAPILAR|519.222012
221946|SISTEMA CARDIOVASCULAR|593.0594315
221947|SISTEMA CARDIOVASCULAR|4420.174507
222536|SISTEMA CARDIOVASCULAR|-8.351070927
223469|SISTEMA GENITOURINARIO Y HORMONAS SEXUAL|12.19429953
225843|HIGIENE Y CUIDADO CAPILAR|3803.116234
225844|HIGIENE Y CUIDADO CAPILAR|55.64090788
225845|HIGIENE Y CUIDADO CAPILAR|446.7406234
225845|HIGIENE Y CUIDADO CAPILAR|6.798400789
227150|HIGIENE Y CUIDADO CAPILAR|5.830113413
228047|SISTEMA CARDIOVASCULAR|1698.513187
230819|SISTEMA CARDIOVASCULAR|13.1441576
235829|HIGIENE Y CUIDADO CAPILAR|1286.288704
237541|HIGIENE Y CUIDADO CAPILAR|126.708663
240616|SANGRE Y ORGANOS HEMATOPOYETICOS|243.6438385
242316|HIGIENE Y CUIDADO CAPILAR|2.026224286
242506|SISTEMA CARDIOVASCULAR|935.5917797
245447|SANGRE Y ORGANOS HEMATOPOYETICOS|26582.54372
247563|HIGIENE Y CUIDADO CAPILAR|161.6176746
247567|HIGIENE Y CUIDADO CAPILAR|37.78533304
248958|SISTEMA GENITOURINARIO Y HORMONAS SEXUAL|46.87110079
249401|SANGRE Y ORGANOS HEMATOPOYETICOS|647.9500256
253955|HIGIENE Y CUIDADO CAPILAR|21255.87497
256030|HIGIENE Y CUIDADO CAPILAR|496.1186325
256749|HIGIENE Y CUIDADO CAPILAR|1476.106905
257505|HIGIENE Y CUIDADO CAPILAR|27.02382632
257591|SISTEMA CARDIOVASCULAR|1078.083887
257592|SISTEMA CARDIOVASCULAR|1375.365917
257726|HIGIENE Y CUIDADO CAPILAR|3.593137115
257728|HIGIENE Y CUIDADO CAPILAR|157.7820778
112601|SISTEMA GENITOURINARIO Y HORMONAS SEXUAL|-9.946481792
114436|SISTEMA GENITOURINARIO Y HORMONAS SEXUAL|29.27197292
115231|SISTEMA CARDIOVASCULAR|-16.99638419
115232|SISTEMA CARDIOVASCULAR|-0.407340746
115640|SISTEMA CARDIOVASCULAR|1155.286428
115660|SISTEMA GENITOURINARIO Y HORMONAS SEXUAL|7443.361281
115813|SISTEMA CARDIOVASCULAR|22513.10642
117218|SISTEMA CARDIOVASCULAR|52.27481807
117378|SISTEMA CARDIOVASCULAR|3014.419483
117849|HIGIENE Y CUIDADO CAPILAR|0.008364856
119279|SANGRE Y ORGANOS HEMATOPOYETICOS|6751.249331
119838|SISTEMA CARDIOVASCULAR|375.7836538
120207|SISTEMA CARDIOVASCULAR|207.7675282
120470|SISTEMA CARDIOVASCULAR|109.4754679
120646|SISTEMA GENITOURINARIO Y HORMONAS SEXUAL|-1.919594972
120647|SISTEMA CARDIOVASCULAR|1664.640992
120927|SISTEMA GENITOURINARIO Y HORMONAS SEXUAL|3770.699249
121151|SISTEMA CARDIOVASCULAR|11.03946862
121285|SISTEMA CARDIOVASCULAR|0.350751351
121986|SISTEMA CARDIOVASCULAR|-6.151339327
123441|SISTEMA CARDIOVASCULAR|5368.288365
123564|SISTEMA GENITOURINARIO Y HORMONAS SEXUAL|334.1888712
123580|SISTEMA GENITOURINARIO Y HORMONAS SEXUAL|1803.110774
123583|SISTEMA GENITOURINARIO Y HORMONAS SEXUAL|77.25404239
123729|SISTEMA CARDIOVASCULAR|1281.371924
123730|SISTEMA CARDIOVASCULAR|3013.899746
123747|SISTEMA CARDIOVASCULAR|317.1848541
123915|SISTEMA CARDIOVASCULAR|362.7011448
123997|SISTEMA GENITOURINARIO Y HORMONAS SEXUAL|14986.56133
130528|SISTEMA CARDIOVASCULAR|10.01421777
130735|SISTEMA CARDIOVASCULAR|55.86860392
130914|SISTEMA GENITOURINARIO Y HORMONAS SEXUAL|-0.968395106
134440|SANGRE Y ORGANOS HEMATOPOYETICOS|16846.30411
134501|SISTEMA CARDIOVASCULAR|720.6060431
134665|SISTEMA GENITOURINARIO Y HORMONAS SEXUAL|442.8472223
134940|SISTEMA GENITOURINARIO Y HORMONAS SEXUAL|5.990113834
134963|SISTEMA GENITOURINARIO Y HORMONAS SEXUAL|2168.601433
134969|SISTEMA GENITOURINARIO Y HORMONAS SEXUAL|737.7582253
135735|SISTEMA CARDIOVASCULAR|49990.13348
135871|SANGRE Y ORGANOS HEMATOPOYETICOS|3019.1074
135891|SISTEMA CARDIOVASCULAR|24.75283906
136934|SANGRE Y ORGANOS HEMATOPOYETICOS|127.1500271
141029|SISTEMA GENITOURINARIO Y HORMONAS SEXUAL|1262.529755
141189|SISTEMA CARDIOVASCULAR|1450.52657
153555|HIGIENE Y CUIDADO CAPILAR|59.94475978
159016|HIGIENE Y CUIDADO CAPILAR|4506.608283
160343|SANGRE Y ORGANOS HEMATOPOYETICOS|11823.30849
168028|SISTEMA GENITOURINARIO Y HORMONAS SEXUAL|382.6342743
171914|HIGIENE Y CUIDADO CAPILAR|111.4411449
182070|SISTEMA CARDIOVASCULAR|2.3864796
188054|HIGIENE Y CUIDADO CAPILAR|862.2857411
190091|SISTEMA GENITOURINARIO Y HORMONAS SEXUAL|296.7356529
190323|SISTEMA CARDIOVASCULAR|-0.995697154
190832|SISTEMA CARDIOVASCULAR|-253.244985
190835|SANGRE Y ORGANOS HEMATOPOYETICOS|3909.490439
190893|SANGRE Y ORGANOS HEMATOPOYETICOS|4684.871564
190946|SISTEMA CARDIOVASCULAR|3030.267432
194392|SISTEMA CARDIOVASCULAR|737.9861732
197312|SISTEMA CARDIOVASCULAR|2841.933869
197663|SANGRE Y ORGANOS HEMATOPOYETICOS|-33.81055661
197802|SISTEMA CARDIOVASCULAR|5895.630593
197823|SISTEMA GENITOURINARIO Y HORMONAS SEXUAL|169.1751268
201277|SISTEMA GENITOURINARIO Y HORMONAS SEXUAL|21901.65547
205357|HIGIENE Y CUIDADO CAPILAR|806.0447912
205989|SISTEMA CARDIOVASCULAR|1122.72943
206785|SANGRE Y ORGANOS HEMATOPOYETICOS|7144.941574
210662|SISTEMA CARDIOVASCULAR|577.0091757
211918|SISTEMA CARDIOVASCULAR|1717.229856
214533|HIGIENE Y CUIDADO CAPILAR|229.4457265
214874|HIGIENE Y CUIDADO CAPILAR|923.5551539
217918|HIGIENE Y CUIDADO CAPILAR|1050.039993
218151|SISTEMA GENITOURINARIO Y HORMONAS SEXUAL|47.28191906
220299|HIGIENE Y CUIDADO CAPILAR|3.872603886
220302|HIGIENE Y CUIDADO CAPILAR|49.56545075
221729|HIGIENE Y CUIDADO CAPILAR|183.1120397
225003|HIGIENE Y CUIDADO CAPILAR|157.8208602
228049|SISTEMA GENITOURINARIO Y HORMONAS SEXUAL|754.9613959
228317|HIGIENE Y CUIDADO CAPILAR|994.9035843
228331|HIGIENE Y CUIDADO CAPILAR|0.069279185
228332|HIGIENE Y CUIDADO CAPILAR|1409.525062
228703|SISTEMA CARDIOVASCULAR|485.8516546
228704|SISTEMA CARDIOVASCULAR|234.4483556
228824|SISTEMA CARDIOVASCULAR|365.341051
235990|SISTEMA CARDIOVASCULAR|-3.111565767
236913|HIGIENE Y CUIDADO CAPILAR|16.87066994
237748|HIGIENE Y CUIDADO CAPILAR|652.2978993
242317|HIGIENE Y CUIDADO CAPILAR|66.76398742
242320|HIGIENE Y CUIDADO CAPILAR|15.15558878
242332|HIGIENE Y CUIDADO CAPILAR|5.934530914
242336|HIGIENE Y CUIDADO CAPILAR|22.67649547
243384|SISTEMA GENITOURINARIO Y HORMONAS SEXUAL|103.5476175
247701|SISTEMA GENITOURINARIO Y HORMONAS SEXUAL|17.77417002
248959|SISTEMA GENITOURINARIO Y HORMONAS SEXUAL|11350.11992
249402|SANGRE Y ORGANOS HEMATOPOYETICOS|969.1559852
253489|SISTEMA GENITOURINARIO Y HORMONAS SEXUAL|318.4950881
253956|HIGIENE Y CUIDADO CAPILAR|-6.434855276
256989|SISTEMA GENITOURINARIO Y HORMONAS SEXUAL|-0.83751215
257083|SISTEMA CARDIOVASCULAR|1932.002654
257505|HIGIENE Y CUIDADO CAPILAR|0
257560|SISTEMA CARDIOVASCULAR|650.8609165
257604|SISTEMA CARDIOVASCULAR|507.1696489
257606|SISTEMA CARDIOVASCULAR|264.145373
257727|HIGIENE Y CUIDADO CAPILAR|61.08174212
259608|HIGIENE Y CUIDADO CAPILAR|219.2416883
259851|HIGIENE Y CUIDADO CAPILAR|95.63428591
260118|SISTEMA GENITOURINARIO Y HORMONAS SEXUAL|136.3128428
260120|SISTEMA GENITOURINARIO Y HORMONAS SEXUAL|1086.809606
260362|HIGIENE Y CUIDADO CAPILAR|188.9191765
260419|HIGIENE Y CUIDADO CAPILAR|607.5909521
260420|HIGIENE Y CUIDADO CAPILAR|683.093745
261038|HIGIENE Y CUIDADO CAPILAR|1890.424301
262236|SISTEMA GENITOURINARIO Y HORMONAS SEXUAL|6847.19617
264478|SISTEMA CARDIOVASCULAR|1087.377924
264620|HIGIENE Y CUIDADO CAPILAR|323.5728673
264667|SISTEMA CARDIOVASCULAR|2806.029435
266600|HIGIENE Y CUIDADO CAPILAR|571.2689139
267050|HIGIENE Y CUIDADO CAPILAR|710.5746146
267209|SISTEMA CARDIOVASCULAR|191.2961833
267519|SISTEMA CARDIOVASCULAR|20719.86229
267713|SISTEMA GENITOURINARIO Y HORMONAS SEXUAL|-8.558384011
268433|SISTEMA GENITOURINARIO Y HORMONAS SEXUAL|5088.415153
269073|HIGIENE Y CUIDADO CAPILAR|10.87458048
270214|HIGIENE Y CUIDADO CAPILAR|283.2866761
270665|SISTEMA GENITOURINARIO Y HORMONAS SEXUAL|-24.18843523
270681|SISTEMA CARDIOVASCULAR|545.1528349
270682|SISTEMA CARDIOVASCULAR|675.2671103
271498|HIGIENE Y CUIDADO CAPILAR|0.19019586
272242|HIGIENE Y CUIDADO CAPILAR|92.66213976
272245|HIGIENE Y CUIDADO CAPILAR|1200.303703
272564|SISTEMA GENITOURINARIO Y HORMONAS SEXUAL|201.1188455
272740|HIGIENE Y CUIDADO CAPILAR|2.360826019
273200|HIGIENE Y CUIDADO CAPILAR|202.4062838
273204|HIGIENE Y CUIDADO CAPILAR|79.93129924
273205|HIGIENE Y CUIDADO CAPILAR|216.6154288
273398|SISTEMA CARDIOVASCULAR|684.580313
275313|HIGIENE Y CUIDADO CAPILAR|24.17039878
276393|SISTEMA GENITOURINARIO Y HORMONAS SEXUAL|-0.383798949
276807|SISTEMA CARDIOVASCULAR|16.46218962
277740|SISTEMA GENITOURINARIO Y HORMONAS SEXUAL|3823.090798
278122|SISTEMA GENITOURINARIO Y HORMONAS SEXUAL|113.5486892
278551|SISTEMA GENITOURINARIO Y HORMONAS SEXUAL|0
278782|HIGIENE Y CUIDADO CAPILAR|4.574307986
278783|HIGIENE Y CUIDADO CAPILAR|19.09717879
278786|HIGIENE Y CUIDADO CAPILAR|39.96696296
278802|SISTEMA GENITOURINARIO Y HORMONAS SEXUAL|3870.348021
278864|SANGRE Y ORGANOS HEMATOPOYETICOS|131.5951866
279168|HIGIENE Y CUIDADO CAPILAR|3.2233291
279191|HIGIENE Y CUIDADO CAPILAR|174.1604223
279291|HIGIENE Y CUIDADO CAPILAR|504.6053924
279293|HIGIENE Y CUIDADO CAPILAR|14.0983616
103079|SISTEMA GENITOURINARIO Y HORMONAS SEXUAL|989.8082369
110857|SISTEMA CARDIOVASCULAR|-35.61108407
111650|SISTEMA GENITOURINARIO Y HORMONAS SEXUAL|1535.670516
112486|SISTEMA CARDIOVASCULAR|1744.138245
114996|SISTEMA CARDIOVASCULAR|12249.86798
115811|SISTEMA CARDIOVASCULAR|31806.18836
116778|SISTEMA GENITOURINARIO Y HORMONAS SEXUAL|555.0892218
117321|SANGRE Y ORGANOS HEMATOPOYETICOS|6785.82883
117323|SISTEMA CARDIOVASCULAR|256.3665398
117796|SISTEMA CARDIOVASCULAR|688.9404481
118094|SISTEMA GENITOURINARIO Y HORMONAS SEXUAL|315.0511343
118168|SISTEMA GENITOURINARIO Y HORMONAS SEXUAL|1177.242039
119025|SANGRE Y ORGANOS HEMATOPOYETICOS|34651.90758
119288|SISTEMA CARDIOVASCULAR|665.2505171
119835|SISTEMA CARDIOVASCULAR|1.336342206
120471|SISTEMA CARDIOVASCULAR|359.5274747
120645|SISTEMA GENITOURINARIO Y HORMONAS SEXUAL|-75.09304648
121314|SISTEMA CARDIOVASCULAR|41.77121488
122046|SISTEMA CARDIOVASCULAR|2900.219478
123113|SISTEMA CARDIOVASCULAR|211.0950268
123599|SISTEMA CARDIOVASCULAR|34.93939292
123603|SISTEMA GENITOURINARIO Y HORMONAS SEXUAL|33.53542663
123916|SISTEMA CARDIOVASCULAR|57.53147327
124108|SISTEMA GENITOURINARIO Y HORMONAS SEXUAL|-58.9958804
124113|SISTEMA GENITOURINARIO Y HORMONAS SEXUAL|62603.8657
130530|SISTEMA CARDIOVASCULAR|0.31194571
130756|SISTEMA CARDIOVASCULAR|282.3504312
133036|SISTEMA GENITOURINARIO Y HORMONAS SEXUAL|285.6211642
134273|SISTEMA GENITOURINARIO Y HORMONAS SEXUAL|-3.501145835
134282|SISTEMA GENITOURINARIO Y HORMONAS SEXUAL|-0.01797472
134893|SISTEMA GENITOURINARIO Y HORMONAS SEXUAL|4189.893902
135032|HIGIENE Y CUIDADO CAPILAR|577.1621739
135129|SISTEMA GENITOURINARIO Y HORMONAS SEXUAL|2292.541941
135749|SISTEMA CARDIOVASCULAR|0.503766683
135822|SISTEMA GENITOURINARIO Y HORMONAS SEXUAL|523.6772263
135922|SISTEMA GENITOURINARIO Y HORMONAS SEXUAL|1477.357752
135959|SISTEMA CARDIOVASCULAR|211.8633149
136342|HIGIENE Y CUIDADO CAPILAR|486.0820371
138107|SISTEMA CARDIOVASCULAR|99.21219307
138111|SISTEMA CARDIOVASCULAR|7.596616429
141217|SISTEMA GENITOURINARIO Y HORMONAS SEXUAL|-10.15627312
153030|SISTEMA CARDIOVASCULAR|8951.721394
153572|HIGIENE Y CUIDADO CAPILAR|2.746959028
159015|HIGIENE Y CUIDADO CAPILAR|2011.491864
168812|SISTEMA CARDIOVASCULAR|95.55312069
171896|HIGIENE Y CUIDADO CAPILAR|1.967903752
171915|HIGIENE Y CUIDADO CAPILAR|69.93684272
173924|SANGRE Y ORGANOS HEMATOPOYETICOS|525.8983048
183308|SISTEMA GENITOURINARIO Y HORMONAS SEXUAL|26911.96062
185029|SISTEMA GENITOURINARIO Y HORMONAS SEXUAL|6599.757575
185271|SISTEMA GENITOURINARIO Y HORMONAS SEXUAL|5431.759669
185728|SISTEMA CARDIOVASCULAR|1014.542828
187278|SISTEMA CARDIOVASCULAR|2134.79808
187454|SISTEMA CARDIOVASCULAR|27925.66635
188060|HIGIENE Y CUIDADO CAPILAR|264.478584
212051|SISTEMA GENITOURINARIO Y HORMONAS SEXUAL|12.6359832
212785|SANGRE Y ORGANOS HEMATOPOYETICOS|47122.61703
215954|HIGIENE Y CUIDADO CAPILAR|75.64434942
217322|SISTEMA CARDIOVASCULAR|201.4014133
219891|HIGIENE Y CUIDADO CAPILAR|0.683796886
220301|HIGIENE Y CUIDADO CAPILAR|1851.589153
221183|HIGIENE Y CUIDADO CAPILAR|615.4894324
221722|HIGIENE Y CUIDADO CAPILAR|25.75157572
222537|SISTEMA CARDIOVASCULAR|-15.01784303
225002|HIGIENE Y CUIDADO CAPILAR|42.28934309
226346|HIGIENE Y CUIDADO CAPILAR|2023.272214
228045|SISTEMA CARDIOVASCULAR|386.7084458
230086|SISTEMA GENITOURINARIO Y HORMONAS SEXUAL|0
230699|SISTEMA GENITOURINARIO Y HORMONAS SEXUAL|-3.684036625
232361|SISTEMA GENITOURINARIO Y HORMONAS SEXUAL|38637.56323
239587|SISTEMA GENITOURINARIO Y HORMONAS SEXUAL|62.75208842
239705|SISTEMA CARDIOVASCULAR|86.58031314
239842|HIGIENE Y CUIDADO CAPILAR|10.05048373
242318|HIGIENE Y CUIDADO CAPILAR|1200.662726
242421|HIGIENE Y CUIDADO CAPILAR|375.4761785
242507|SISTEMA GENITOURINARIO Y HORMONAS SEXUAL|634.3808668
242823|SISTEMA CARDIOVASCULAR|595.7664463
243303|SISTEMA CARDIOVASCULAR|2066.708013
244131|HIGIENE Y CUIDADO CAPILAR|43.68665326
244132|HIGIENE Y CUIDADO CAPILAR|43.91650603
246759|SISTEMA GENITOURINARIO Y HORMONAS SEXUAL|2729.919966
247549|HIGIENE Y CUIDADO CAPILAR|45.33504418
247561|HIGIENE Y CUIDADO CAPILAR|17.658188
247562|HIGIENE Y CUIDADO CAPILAR|104.575273
247569|HIGIENE Y CUIDADO CAPILAR|79.47011815
248709|SISTEMA CARDIOVASCULAR|7380.196736
248834|HIGIENE Y CUIDADO CAPILAR|2095.730011
248835|HIGIENE Y CUIDADO CAPILAR|5.183410889
249390|SANGRE Y ORGANOS HEMATOPOYETICOS|412.3353243
251846|HIGIENE Y CUIDADO CAPILAR|190.783494
253719|HIGIENE Y CUIDADO CAPILAR|246.1363726
253957|HIGIENE Y CUIDADO CAPILAR|2309.389178
255063|HIGIENE Y CUIDADO CAPILAR|334.0147661
256029|HIGIENE Y CUIDADO CAPILAR|2662.888995
256748|HIGIENE Y CUIDADO CAPILAR|4293.37647
257723|HIGIENE Y CUIDADO CAPILAR|974.8555903
258998|SISTEMA CARDIOVASCULAR|602.8194361
259003|SISTEMA CARDIOVASCULAR|634.6536928
259607|HIGIENE Y CUIDADO CAPILAR|172.500145
259761|SISTEMA CARDIOVASCULAR|787.469827
259852|HIGIENE Y CUIDADO CAPILAR|1134.904188
259853|HIGIENE Y CUIDADO CAPILAR|829.6723859
264565|SISTEMA GENITOURINARIO Y HORMONAS SEXUAL|3586.254349
264672|HIGIENE Y CUIDADO CAPILAR|1702.750525
264674|HIGIENE Y CUIDADO CAPILAR|1440.529581
267061|HIGIENE Y CUIDADO CAPILAR|693.8282238
268691|SISTEMA GENITOURINARIO Y HORMONAS SEXUAL|1707.377734
269074|HIGIENE Y CUIDADO CAPILAR|0.017219438
270128|SISTEMA CARDIOVASCULAR|187.9465971
270683|SISTEMA CARDIOVASCULAR|1.347942161
270941|HIGIENE Y CUIDADO CAPILAR|282.4834401
270944|HIGIENE Y CUIDADO CAPILAR|68.40450587
271501|HIGIENE Y CUIDADO CAPILAR|0.328499759
272432|HIGIENE Y CUIDADO CAPILAR|0
272949|SISTEMA CARDIOVASCULAR|1380.475947
273201|HIGIENE Y CUIDADO CAPILAR|212.2380884
273202|HIGIENE Y CUIDADO CAPILAR|88.6915199
273203|HIGIENE Y CUIDADO CAPILAR|130.6934405
275308|HIGIENE Y CUIDADO CAPILAR|110.3699661
275310|HIGIENE Y CUIDADO CAPILAR|139.5109734
275312|HIGIENE Y CUIDADO CAPILAR|43.92800235
275692|SISTEMA GENITOURINARIO Y HORMONAS SEXUAL|2028.533418
276371|SISTEMA CARDIOVASCULAR|496.6124765
276395|SISTEMA GENITOURINARIO Y HORMONAS SEXUAL|992.1107984
277034|HIGIENE Y CUIDADO CAPILAR|655.5509716
277476|HIGIENE Y CUIDADO CAPILAR|189.5786451
277668|SISTEMA CARDIOVASCULAR|2001.125732
277670|SISTEMA CARDIOVASCULAR|575.2497964
277681|SISTEMA CARDIOVASCULAR|1107.547476
277858|SISTEMA CARDIOVASCULAR|3.893839525
278079|HIGIENE Y CUIDADO CAPILAR|548.7092729
278179|SISTEMA CARDIOVASCULAR|99.38501969
278800|SISTEMA GENITOURINARIO Y HORMONAS SEXUAL|13.76519611
279146|SISTEMA CARDIOVASCULAR|1591.734532
279166|HIGIENE Y CUIDADO CAPILAR|449.4114373
279457|HIGIENE Y CUIDADO CAPILAR|508.9236924
279458|HIGIENE Y CUIDADO CAPILAR|165.8974395
279459|HIGIENE Y CUIDADO CAPILAR|39.32668634
279481|HIGIENE Y CUIDADO CAPILAR|229.6845409
279482|HIGIENE Y CUIDADO CAPILAR|255.5041712
279534|HIGIENE Y CUIDADO CAPILAR|76.99818903
279535|HIGIENE Y CUIDADO CAPILAR|273.6237481
279659|HIGIENE Y CUIDADO CAPILAR|78.81461519
279659|HIGIENE Y CUIDADO CAPILAR|406.8718988
280194|HIGIENE Y CUIDADO CAPILAR|181.0595614
280195|HIGIENE Y CUIDADO CAPILAR|26.34345032
280229|HIGIENE Y CUIDADO CAPILAR|69.8081932
280281|HIGIENE Y CUIDADO CAPILAR|480.0239599
280880|HIGIENE Y CUIDADO CAPILAR|66.57175157
281035|HIGIENE Y CUIDADO CAPILAR|135.8710038
281041|HIGIENE Y CUIDADO CAPILAR|0
114778|SISTEMA CARDIOVASCULAR|0.700797136
115812|SISTEMA CARDIOVASCULAR|240.4320521
116121|SISTEMA CARDIOVASCULAR|50.41007924
116799|SISTEMA GENITOURINARIO Y HORMONAS SEXUAL|922.3471503
116800|SISTEMA GENITOURINARIO Y HORMONAS SEXUAL|135.5373458
116801|SISTEMA GENITOURINARIO Y HORMONAS SEXUAL|24.39025577
116802|SISTEMA GENITOURINARIO Y HORMONAS SEXUAL|864.4365494
117219|SISTEMA CARDIOVASCULAR|228.0996755
119056|HIGIENE Y CUIDADO CAPILAR|791.5006286
119842|SISTEMA CARDIOVASCULAR|22.05707361
120254|SISTEMA CARDIOVASCULAR|17690.63359
120989|SISTEMA CARDIOVASCULAR|4.388974531
121285|SISTEMA CARDIOVASCULAR|51.84736703
121987|SISTEMA CARDIOVASCULAR|-0.59706378
123461|SISTEMA GENITOURINARIO Y HORMONAS SEXUAL|131807.3599
123556|SISTEMA GENITOURINARIO Y HORMONAS SEXUAL|75.90307681
123594|SISTEMA CARDIOVASCULAR|12.72311691
124074|SISTEMA CARDIOVASCULAR|1858.081265
124229|SISTEMA CARDIOVASCULAR|1282.937864
130144|SANGRE Y ORGANOS HEMATOPOYETICOS|22.79729978
130659|SISTEMA GENITOURINARIO Y HORMONAS SEXUAL|50.7273727
130724|SANGRE Y ORGANOS HEMATOPOYETICOS|245.2889705
130751|SISTEMA CARDIOVASCULAR|203.735022
131042|SISTEMA CARDIOVASCULAR|0.080182548
131475|SANGRE Y ORGANOS HEMATOPOYETICOS|70.82477214
132256|SISTEMA GENITOURINARIO Y HORMONAS SEXUAL|22.03515411
133861|SISTEMA CARDIOVASCULAR|76.46404064
134184|SISTEMA GENITOURINARIO Y HORMONAS SEXUAL|2856.389108
134277|SISTEMA CARDIOVASCULAR|37.78539931
134659|SISTEMA GENITOURINARIO Y HORMONAS SEXUAL|369.5077317
134664|SISTEMA GENITOURINARIO Y HORMONAS SEXUAL|22251.82349
135463|SISTEMA GENITOURINARIO Y HORMONAS SEXUAL|466.8001582
136837|SISTEMA CARDIOVASCULAR|4.245371066
138105|SISTEMA CARDIOVASCULAR|4.512314916
139440|HIGIENE Y CUIDADO CAPILAR|3228.648339
140847|SISTEMA GENITOURINARIO Y HORMONAS SEXUAL|434.3837456
141188|SISTEMA CARDIOVASCULAR|31.17798991
141579|SISTEMA CARDIOVASCULAR|56.74653346
141580|SISTEMA CARDIOVASCULAR|267.3134435
153458|SANGRE Y ORGANOS HEMATOPOYETICOS|30.36191327
153576|HIGIENE Y CUIDADO CAPILAR|3.073124375
160342|SANGRE Y ORGANOS HEMATOPOYETICOS|951.5720321
163631|SISTEMA GENITOURINARIO Y HORMONAS SEXUAL|86.14751886
165610|SISTEMA GENITOURINARIO Y HORMONAS SEXUAL|9107.600756
169715|SISTEMA CARDIOVASCULAR|773.1758967
171653|SISTEMA GENITOURINARIO Y HORMONAS SEXUAL|181.4227297
173638|HIGIENE Y CUIDADO CAPILAR|0.001512591
179043|SISTEMA GENITOURINARIO Y HORMONAS SEXUAL|14633.1657
185302|SISTEMA CARDIOVASCULAR|145.9432349
185303|SISTEMA CARDIOVASCULAR|1799.710778
186975|SISTEMA GENITOURINARIO Y HORMONAS SEXUAL|1124.820725
188488|HIGIENE Y CUIDADO CAPILAR|321.9901439
190093|SISTEMA CARDIOVASCULAR|20368.43067
190831|SISTEMA CARDIOVASCULAR|482.1790165
192025|SISTEMA GENITOURINARIO Y HORMONAS SEXUAL|3061.76743
193546|SISTEMA CARDIOVASCULAR|2839.594443
194906|SISTEMA CARDIOVASCULAR|9531.136926
196918|HIGIENE Y CUIDADO CAPILAR|279.5004039
197536|SANGRE Y ORGANOS HEMATOPOYETICOS|76.38790481
197660|SANGRE Y ORGANOS HEMATOPOYETICOS|36.7918288
197661|SANGRE Y ORGANOS HEMATOPOYETICOS|26.8463106
200005|SISTEMA CARDIOVASCULAR|133.9785639
201310|HIGIENE Y CUIDADO CAPILAR|248.5306174
201969|HIGIENE Y CUIDADO CAPILAR|0
206595|HIGIENE Y CUIDADO CAPILAR|705.56926
206596|HIGIENE Y CUIDADO CAPILAR|1395.826199
206599|HIGIENE Y CUIDADO CAPILAR|858.4239559
212783|SANGRE Y ORGANOS HEMATOPOYETICOS|82804.91424
214872|HIGIENE Y CUIDADO CAPILAR|5821.941732
214873|HIGIENE Y CUIDADO CAPILAR|552.4990155
219890|HIGIENE Y CUIDADO CAPILAR|0.193326797
220518|HIGIENE Y CUIDADO CAPILAR|0.0474891
220536|SISTEMA GENITOURINARIO Y HORMONAS SEXUAL|957.547474
221723|HIGIENE Y CUIDADO CAPILAR|21.6262256
221724|HIGIENE Y CUIDADO CAPILAR|100.0440399
221726|HIGIENE Y CUIDADO CAPILAR|870.2733414
221727|HIGIENE Y CUIDADO CAPILAR|9.76542183
222502|SISTEMA GENITOURINARIO Y HORMONAS SEXUAL|22184.39189
225913|SISTEMA CARDIOVASCULAR|346.888047
228095|HIGIENE Y CUIDADO CAPILAR|615.0056204
228318|HIGIENE Y CUIDADO CAPILAR|2922.522169
228702|SISTEMA CARDIOVASCULAR|92.44924198
228762|HIGIENE Y CUIDADO CAPILAR|676.3652234
228899|SISTEMA CARDIOVASCULAR|4520.157371
229045|HIGIENE Y CUIDADO CAPILAR|1669.899831
229201|HIGIENE Y CUIDADO CAPILAR|80.09552717
230820|SISTEMA CARDIOVASCULAR|1376.001656
237747|HIGIENE Y CUIDADO CAPILAR|1657.567156
239586|SISTEMA GENITOURINARIO Y HORMONAS SEXUAL|78.90510215
240938|SISTEMA GENITOURINARIO Y HORMONAS SEXUAL|9840.516825
242314|HIGIENE Y CUIDADO CAPILAR|590.4825131
242331|HIGIENE Y CUIDADO CAPILAR|1453.77647
242333|HIGIENE Y CUIDADO CAPILAR|15.7305569
242335|HIGIENE Y CUIDADO CAPILAR|21.26906353
242410|HIGIENE Y CUIDADO CAPILAR|230.6884845
242569|SISTEMA CARDIOVASCULAR|-3.710038747
245448|SANGRE Y ORGANOS HEMATOPOYETICOS|21446.86294
247550|HIGIENE Y CUIDADO CAPILAR|785.6795217
247564|HIGIENE Y CUIDADO CAPILAR|157.0583605
247573|SISTEMA GENITOURINARIO Y HORMONAS SEXUAL|1020.441185
248710|SISTEMA CARDIOVASCULAR|1694.376833
248727|SISTEMA GENITOURINARIO Y HORMONAS SEXUAL|4188.62256
251971|SISTEMA GENITOURINARIO Y HORMONAS SEXUAL|-0.414341821
252457|SISTEMA GENITOURINARIO Y HORMONAS SEXUAL|41.30128768
254240|HIGIENE Y CUIDADO CAPILAR|21.82933566
254481|SISTEMA GENITOURINARIO Y HORMONAS SEXUAL|8174.951071
255869|SISTEMA GENITOURINARIO Y HORMONAS SEXUAL|20850.35831
256051|HIGIENE Y CUIDADO CAPILAR|154.1762033
256257|SISTEMA GENITOURINARIO Y HORMONAS SEXUAL|185.9941555
257498|SISTEMA CARDIOVASCULAR|1408.020305
257724|HIGIENE Y CUIDADO CAPILAR|451.8343354
257729|HIGIENE Y CUIDADO CAPILAR|262.502233
259000|SISTEMA CARDIOVASCULAR|80.85299222
259001|SISTEMA CARDIOVASCULAR|442.8931854
259052|SISTEMA CARDIOVASCULAR|11.63157243
259602|HIGIENE Y CUIDADO CAPILAR|1238.70236
259606|HIGIENE Y CUIDADO CAPILAR|234.8049669
260363|HIGIENE Y CUIDADO CAPILAR|332.7479925
260365|HIGIENE Y CUIDADO CAPILAR|102.6244851
261038|HIGIENE Y CUIDADO CAPILAR|1288.742586
261141|HIGIENE Y CUIDADO CAPILAR|3172.539448
261918|HIGIENE Y CUIDADO CAPILAR|539.6767731
262235|SISTEMA GENITOURINARIO Y HORMONAS SEXUAL|4450.541809
262424|HIGIENE Y CUIDADO CAPILAR|10.40228335
264479|SISTEMA CARDIOVASCULAR|-52.68567169
264673|HIGIENE Y CUIDADO CAPILAR|3522.773469
264676|HIGIENE Y CUIDADO CAPILAR|1383.123338
264677|HIGIENE Y CUIDADO CAPILAR|3068.23687
264766|SISTEMA CARDIOVASCULAR|742.1107267
264822|SISTEMA GENITOURINARIO Y HORMONAS SEXUAL|11193.56299
265554|SISTEMA GENITOURINARIO Y HORMONAS SEXUAL|827.1429099
266599|HIGIENE Y CUIDADO CAPILAR|278.2407303
266681|HIGIENE Y CUIDADO CAPILAR|1770.87663
266682|HIGIENE Y CUIDADO CAPILAR|688.480358
267210|SISTEMA CARDIOVASCULAR|512.2798873
268013|HIGIENE Y CUIDADO CAPILAR|692.3531195
268410|SISTEMA GENITOURINARIO Y HORMONAS SEXUAL|13795.94812
268943|SISTEMA CARDIOVASCULAR|-4.335295541
269012|HIGIENE Y CUIDADO CAPILAR|16626.06738
269073|HIGIENE Y CUIDADO CAPILAR|237.1438907
269074|HIGIENE Y CUIDADO CAPILAR|337.6392856
269699|SISTEMA GENITOURINARIO Y HORMONAS SEXUAL|36.82731027
270142|SISTEMA GENITOURINARIO Y HORMONAS SEXUAL|133.2309168
270942|HIGIENE Y CUIDADO CAPILAR|71.48448592
270945|HIGIENE Y CUIDADO CAPILAR|1.464202375
271502|HIGIENE Y CUIDADO CAPILAR|0.391830679
272246|HIGIENE Y CUIDADO CAPILAR|35.8797652
274108|HIGIENE Y CUIDADO CAPILAR|0.089712162
275307|HIGIENE Y CUIDADO CAPILAR|1444.407333
276651|SANGRE Y ORGANOS HEMATOPOYETICOS|-17.94925303
279296|HIGIENE Y CUIDADO CAPILAR|7.09005328
279478|HIGIENE Y CUIDADO CAPILAR|13.04417053
279479|HIGIENE Y CUIDADO CAPILAR|472.9719785
279531|HIGIENE Y CUIDADO CAPILAR|114.7661081
279532|HIGIENE Y CUIDADO CAPILAR|252.2513661
279533|HIGIENE Y CUIDADO CAPILAR|24.12993544
279564|SANGRE Y ORGANOS HEMATOPOYETICOS|153.3860372
279718|HIGIENE Y CUIDADO CAPILAR|185.7717669
279725|SISTEMA CARDIOVASCULAR|163.5100487
280230|HIGIENE Y CUIDADO CAPILAR|67.8419745
280282|HIGIENE Y CUIDADO CAPILAR|3.345905467
280283|HIGIENE Y CUIDADO CAPILAR|518.2382206
280468|HIGIENE Y CUIDADO CAPILAR|42.83517474
280604|HIGIENE Y CUIDADO CAPILAR|0
281033|HIGIENE Y CUIDADO CAPILAR|83.18288898
281034|HIGIENE Y CUIDADO CAPILAR|71.5934707
281512|HIGIENE Y CUIDADO CAPILAR|132.9936747
281611|HIGIENE Y CUIDADO CAPILAR|864.1178566
281638|HIGIENE Y CUIDADO CAPILAR|1.143111547
281703|HIGIENE Y CUIDADO CAPILAR|15516.5093
281706|HIGIENE Y CUIDADO CAPILAR|1107.680387
281708|HIGIENE Y CUIDADO CAPILAR|656.2172147
281711|HIGIENE Y CUIDADO CAPILAR|43.7838281
281713|HIGIENE Y CUIDADO CAPILAR|156.1762187
281972|HIGIENE Y CUIDADO CAPILAR|582.9434273
282010|HIGIENE Y CUIDADO CAPILAR|82.84609123
282335|SISTEMA CARDIOVASCULAR|827.8416726
282535|HIGIENE Y CUIDADO CAPILAR|84.73442184
282692|SISTEMA CARDIOVASCULAR|3200.427599
282693|SISTEMA CARDIOVASCULAR|1217.220793
283104|SISTEMA GENITOURINARIO Y HORMONAS SEXUAL|0
283107|SISTEMA GENITOURINARIO Y HORMONAS SEXUAL|0
283128|SISTEMA GENITOURINARIO Y HORMONAS SEXUAL|0
283282|HIGIENE Y CUIDADO CAPILAR|1727.586102
283286|HIGIENE Y CUIDADO CAPILAR|36.21119391
283307|HIGIENE Y CUIDADO CAPILAR|1686.934736
283389|HIGIENE Y CUIDADO CAPILAR|45.68375947
283391|HIGIENE Y CUIDADO CAPILAR|35.9705655
283392|HIGIENE Y CUIDADO CAPILAR|25.76028326
283393|HIGIENE Y CUIDADO CAPILAR|76.15513633
283394|HIGIENE Y CUIDADO CAPILAR|33.59269297
283453|HIGIENE Y CUIDADO CAPILAR|594.1715306
283649|SISTEMA CARDIOVASCULAR|456.6831605
283739|HIGIENE Y CUIDADO CAPILAR|32.08725834
283747|HIGIENE Y CUIDADO CAPILAR|3.634566906
283962|HIGIENE Y CUIDADO CAPILAR|255.5420744
284068|HIGIENE Y CUIDADO CAPILAR|22.29235447
284070|HIGIENE Y CUIDADO CAPILAR|125.1965389
284080|SISTEMA GENITOURINARIO Y HORMONAS SEXUAL|9.642419509
284116|HIGIENE Y CUIDADO CAPILAR|30.83304525
277615|SISTEMA CARDIOVASCULAR|1128.225769
277630|SISTEMA GENITOURINARIO Y HORMONAS SEXUAL|1541.669108
277669|SISTEMA CARDIOVASCULAR|244.4922014
278564|SISTEMA CARDIOVASCULAR|331.774456
278784|HIGIENE Y CUIDADO CAPILAR|100.1486947
278785|HIGIENE Y CUIDADO CAPILAR|362.086711
279295|HIGIENE Y CUIDADO CAPILAR|16.33491835
279657|HIGIENE Y CUIDADO CAPILAR|17964.48606
279658|HIGIENE Y CUIDADO CAPILAR|747.3335393
279805|HIGIENE Y CUIDADO CAPILAR|36.44601414
279807|HIGIENE Y CUIDADO CAPILAR|48.97963754
280484|HIGIENE Y CUIDADO CAPILAR|8.278686368
280603|HIGIENE Y CUIDADO CAPILAR|0
281394|SISTEMA CARDIOVASCULAR|31.38705386
281504|HIGIENE Y CUIDADO CAPILAR|133.846783
281511|HIGIENE Y CUIDADO CAPILAR|131.8424084
281515|HIGIENE Y CUIDADO CAPILAR|42.5421321
281550|HIGIENE Y CUIDADO CAPILAR|6.181266964
281637|HIGIENE Y CUIDADO CAPILAR|0.215376621
281640|HIGIENE Y CUIDADO CAPILAR|23.74276144
281705|HIGIENE Y CUIDADO CAPILAR|12.77251663
281709|HIGIENE Y CUIDADO CAPILAR|296.0412328
281714|HIGIENE Y CUIDADO CAPILAR|357.7152374
281971|HIGIENE Y CUIDADO CAPILAR|1709.350685
282043|HIGIENE Y CUIDADO CAPILAR|60.04019176
282073|HIGIENE Y CUIDADO CAPILAR|2.414701468
282074|HIGIENE Y CUIDADO CAPILAR|20.20503597
282075|HIGIENE Y CUIDADO CAPILAR|26.21569596
282217|HIGIENE Y CUIDADO CAPILAR|6.135138801
282367|SISTEMA GENITOURINARIO Y HORMONAS SEXUAL|13.94959548
282368|SISTEMA GENITOURINARIO Y HORMONAS SEXUAL|16.94782574
282429|SANGRE Y ORGANOS HEMATOPOYETICOS|23499.39347
282534|HIGIENE Y CUIDADO CAPILAR|82.48736391
282536|HIGIENE Y CUIDADO CAPILAR|26.18511892
282822|SANGRE Y ORGANOS HEMATOPOYETICOS|2956.18244
282824|SANGRE Y ORGANOS HEMATOPOYETICOS|6607.18286
282825|SANGRE Y ORGANOS HEMATOPOYETICOS|15886.46156
283285|HIGIENE Y CUIDADO CAPILAR|413.5672677
283302|HIGIENE Y CUIDADO CAPILAR|18.54148358
283306|HIGIENE Y CUIDADO CAPILAR|25.92229785
283308|HIGIENE Y CUIDADO CAPILAR|70.55919708
283309|HIGIENE Y CUIDADO CAPILAR|48.54939311
283395|HIGIENE Y CUIDADO CAPILAR|44.07888432
283650|SISTEMA CARDIOVASCULAR|284.8234108
283731|HIGIENE Y CUIDADO CAPILAR|9.191368532
283734|HIGIENE Y CUIDADO CAPILAR|13.20567654
283737|HIGIENE Y CUIDADO CAPILAR|77.60554886
283742|HIGIENE Y CUIDADO CAPILAR|22.24785859
283744|HIGIENE Y CUIDADO CAPILAR|78.00894442
284127|HIGIENE Y CUIDADO CAPILAR|133.8748772
281397|SISTEMA CARDIOVASCULAR|249.408422
281398|SISTEMA GENITOURINARIO Y HORMONAS SEXUAL|2865.719837
281638|HIGIENE Y CUIDADO CAPILAR|3.900346608
281640|HIGIENE Y CUIDADO CAPILAR|3.007404935
281704|HIGIENE Y CUIDADO CAPILAR|1838.988361
281710|HIGIENE Y CUIDADO CAPILAR|413.5290998
281712|HIGIENE Y CUIDADO CAPILAR|84.99623596
281785|SISTEMA CARDIOVASCULAR|602.8885296
282071|HIGIENE Y CUIDADO CAPILAR|257.3049187
282073|HIGIENE Y CUIDADO CAPILAR|204.3358354
282482|SANGRE Y ORGANOS HEMATOPOYETICOS|119.5277623
282531|HIGIENE Y CUIDADO CAPILAR|29.67113863
282666|HIGIENE Y CUIDADO CAPILAR|705.7893191
282823|SANGRE Y ORGANOS HEMATOPOYETICOS|4807.11556
282826|SANGRE Y ORGANOS HEMATOPOYETICOS|2592.753328
282828|SANGRE Y ORGANOS HEMATOPOYETICOS|11785.41815
283105|SISTEMA GENITOURINARIO Y HORMONAS SEXUAL|0
283110|SISTEMA GENITOURINARIO Y HORMONAS SEXUAL|0
283127|SISTEMA GENITOURINARIO Y HORMONAS SEXUAL|0
283281|HIGIENE Y CUIDADO CAPILAR|1381.909263
283304|HIGIENE Y CUIDADO CAPILAR|43.44013261
283383|HIGIENE Y CUIDADO CAPILAR|33.58071781
283645|SISTEMA CARDIOVASCULAR|2052.268271
283735|HIGIENE Y CUIDADO CAPILAR|16.27810661
283736|HIGIENE Y CUIDADO CAPILAR|11.99738756
283740|HIGIENE Y CUIDADO CAPILAR|0.294807243
283741|HIGIENE Y CUIDADO CAPILAR|14.77942067
283745|HIGIENE Y CUIDADO CAPILAR|30.89920144
283746|HIGIENE Y CUIDADO CAPILAR|5.975054479
283747|HIGIENE Y CUIDADO CAPILAR|6.086713369
284079|SISTEMA GENITOURINARIO Y HORMONAS SEXUAL|813.0305117
284127|HIGIENE Y CUIDADO CAPILAR|19.17833249
284129|HIGIENE Y CUIDADO CAPILAR|55.61791963
284141|SISTEMA GENITOURINARIO Y HORMONAS SEXUAL|329.4013346
284255|SANGRE Y ORGANOS HEMATOPOYETICOS|64.67083629
284256|HIGIENE Y CUIDADO CAPILAR|180.4070909
284259|HIGIENE Y CUIDADO CAPILAR|62.20196911
284512|HIGIENE Y CUIDADO CAPILAR|400.2647747
284518|HIGIENE Y CUIDADO CAPILAR|287.4509073
284636|HIGIENE Y CUIDADO CAPILAR|3.370140576
284752|HIGIENE Y CUIDADO CAPILAR|3.249286637
284753|HIGIENE Y CUIDADO CAPILAR|5.965416696
284913|HIGIENE Y CUIDADO CAPILAR|9.948062127
285409|SISTEMA CARDIOVASCULAR|79.35779351
285863|HIGIENE Y CUIDADO CAPILAR|5.794193813
285866|HIGIENE Y CUIDADO CAPILAR|85.51315002
285868|HIGIENE Y CUIDADO CAPILAR|13.61536171
285898|HIGIENE Y CUIDADO CAPILAR|0.139296158
502488|HIGIENE Y CUIDADO CAPILAR|486.8331531
258851|SISTEMA CARDIOVASCULAR|567.7477429
258999|SISTEMA CARDIOVASCULAR|870.856905
259002|SISTEMA CARDIOVASCULAR|454.6964395
259051|SISTEMA CARDIOVASCULAR|3.611763375
259053|SISTEMA CARDIOVASCULAR|121.1298713
259762|SISTEMA CARDIOVASCULAR|34.89034078
260364|HIGIENE Y CUIDADO CAPILAR|1207.082378
260418|HIGIENE Y CUIDADO CAPILAR|2433.580115
261040|HIGIENE Y CUIDADO CAPILAR|620.9073062
261072|HIGIENE Y CUIDADO CAPILAR|4074.784355
263443|HIGIENE Y CUIDADO CAPILAR|99.38804336
263445|HIGIENE Y CUIDADO CAPILAR|8.144005404
264675|HIGIENE Y CUIDADO CAPILAR|1457.458527
266332|SISTEMA CARDIOVASCULAR|17704.78243
267062|HIGIENE Y CUIDADO CAPILAR|268.9312909
267520|SISTEMA CARDIOVASCULAR|43098.63464
270666|SISTEMA GENITOURINARIO Y HORMONAS SEXUAL|-2.302185503
270943|HIGIENE Y CUIDADO CAPILAR|672.4893062
271499|HIGIENE Y CUIDADO CAPILAR|0
272242|HIGIENE Y CUIDADO CAPILAR|5.616707373
272739|HIGIENE Y CUIDADO CAPILAR|1368.905146
272741|HIGIENE Y CUIDADO CAPILAR|47.92296442
272741|HIGIENE Y CUIDADO CAPILAR|0.59953399
273206|HIGIENE Y CUIDADO CAPILAR|226.8394818
273207|HIGIENE Y CUIDADO CAPILAR|96.21325206
273438|SISTEMA CARDIOVASCULAR|-401.9286365
275305|HIGIENE Y CUIDADO CAPILAR|51.86290622
275306|HIGIENE Y CUIDADO CAPILAR|1079.393586
275311|HIGIENE Y CUIDADO CAPILAR|64.30656938
275712|HIGIENE Y CUIDADO CAPILAR|189.2669695
276599|SISTEMA GENITOURINARIO Y HORMONAS SEXUAL|12885.08142
277434|SISTEMA CARDIOVASCULAR|5921.801383
277726|SISTEMA GENITOURINARIO Y HORMONAS SEXUAL|5812.466016
278121|SISTEMA GENITOURINARIO Y HORMONAS SEXUAL|17.78315239
278822|SISTEMA GENITOURINARIO Y HORMONAS SEXUAL|30.31787103
278936|SISTEMA CARDIOVASCULAR|2165.590832
279294|HIGIENE Y CUIDADO CAPILAR|3.280775038
279460|HIGIENE Y CUIDADO CAPILAR|1.425126048
279477|HIGIENE Y CUIDADO CAPILAR|377.6292155
279480|HIGIENE Y CUIDADO CAPILAR|283.1517218
279536|HIGIENE Y CUIDADO CAPILAR|69.38026924
279717|HIGIENE Y CUIDADO CAPILAR|1.2664429
279804|HIGIENE Y CUIDADO CAPILAR|524.2364616
279806|HIGIENE Y CUIDADO CAPILAR|191.2821198
280284|HIGIENE Y CUIDADO CAPILAR|13.86696797
280401|HIGIENE Y CUIDADO CAPILAR|15.09057534
280563|HIGIENE Y CUIDADO CAPILAR|252.2445348
280957|SISTEMA CARDIOVASCULAR|306.3675018
281002|SISTEMA CARDIOVASCULAR|82.49119391
281023|HIGIENE Y CUIDADO CAPILAR|445.7435489
281393|SISTEMA CARDIOVASCULAR|0.153950913
281510|HIGIENE Y CUIDADO CAPILAR|929.1690339
281513|HIGIENE Y CUIDADO CAPILAR|34.36901098
281514|HIGIENE Y CUIDADO CAPILAR|2.244480704
281636|HIGIENE Y CUIDADO CAPILAR|5.187623654
281636|HIGIENE Y CUIDADO CAPILAR|1.194792969
281637|HIGIENE Y CUIDADO CAPILAR|1.709881674
281702|HIGIENE Y CUIDADO CAPILAR|-2.1323677
281707|HIGIENE Y CUIDADO CAPILAR|1220.781083
281921|SISTEMA GENITOURINARIO Y HORMONAS SEXUAL|0
282044|HIGIENE Y CUIDADO CAPILAR|72.7607628
282072|HIGIENE Y CUIDADO CAPILAR|201.6699833
282369|SISTEMA GENITOURINARIO Y HORMONAS SEXUAL|42.41822648
282480|SANGRE Y ORGANOS HEMATOPOYETICOS|1.368941996
282483|SANGRE Y ORGANOS HEMATOPOYETICOS|310.9203204
282667|HIGIENE Y CUIDADO CAPILAR|52.09007213
282668|HIGIENE Y CUIDADO CAPILAR|147.9222902
282736|HIGIENE Y CUIDADO CAPILAR|1062.69949
282827|SANGRE Y ORGANOS HEMATOPOYETICOS|21696.74686
282967|HIGIENE Y CUIDADO CAPILAR|776.2769899
282979|SISTEMA GENITOURINARIO Y HORMONAS SEXUAL|-0.355133588
283108|SISTEMA GENITOURINARIO Y HORMONAS SEXUAL|0
283126|SISTEMA GENITOURINARIO Y HORMONAS SEXUAL|0
283283|HIGIENE Y CUIDADO CAPILAR|370.602202
283284|HIGIENE Y CUIDADO CAPILAR|588.1489864
283287|HIGIENE Y CUIDADO CAPILAR|1081.994078
283288|HIGIENE Y CUIDADO CAPILAR|2647.280193
283289|HIGIENE Y CUIDADO CAPILAR|62.47181129
283290|HIGIENE Y CUIDADO CAPILAR|29.29368464
283300|SANGRE Y ORGANOS HEMATOPOYETICOS|123.450951
283301|HIGIENE Y CUIDADO CAPILAR|11.95135239
283303|HIGIENE Y CUIDADO CAPILAR|12.1942237
283305|HIGIENE Y CUIDADO CAPILAR|13.48972775
283310|HIGIENE Y CUIDADO CAPILAR|115.2556804
283388|HIGIENE Y CUIDADO CAPILAR|97.05646704
283397|SISTEMA CARDIOVASCULAR|26.18164355
283732|HIGIENE Y CUIDADO CAPILAR|19.7029711
283733|HIGIENE Y CUIDADO CAPILAR|23.61365065
283738|HIGIENE Y CUIDADO CAPILAR|8.770952718
283743|HIGIENE Y CUIDADO CAPILAR|8.205109162
284069|HIGIENE Y CUIDADO CAPILAR|10.13259431
284128|HIGIENE Y CUIDADO CAPILAR|405.1516155
284130|HIGIENE Y CUIDADO CAPILAR|106.2940508
284198|HIGIENE Y CUIDADO CAPILAR|45.84589456
284202|HIGIENE Y CUIDADO CAPILAR|19.24644516
284203|HIGIENE Y CUIDADO CAPILAR|33.88575503
284207|HIGIENE Y CUIDADO CAPILAR|112.6423787
284257|HIGIENE Y CUIDADO CAPILAR|33.0214316
284260|HIGIENE Y CUIDADO CAPILAR|114.5808207
284393|HIGIENE Y CUIDADO CAPILAR|4.589154903
284513|HIGIENE Y CUIDADO CAPILAR|156.9710501
284516|HIGIENE Y CUIDADO CAPILAR|28.6295663
284781|SANGRE Y ORGANOS HEMATOPOYETICOS|194.7036958
284828|SISTEMA GENITOURINARIO Y HORMONAS SEXUAL|719.523813
284888|HIGIENE Y CUIDADO CAPILAR|22.81491042
284902|HIGIENE Y CUIDADO CAPILAR|13.79128814
284912|HIGIENE Y CUIDADO CAPILAR|30.32666939
285405|HIGIENE Y CUIDADO CAPILAR|18.99701627
285659|SISTEMA CARDIOVASCULAR|5428.006421
285668|HIGIENE Y CUIDADO CAPILAR|1804.816108
285669|HIGIENE Y CUIDADO CAPILAR|2.108165491
285861|HIGIENE Y CUIDADO CAPILAR|1.697168955
285862|HIGIENE Y CUIDADO CAPILAR|51.13310889
285864|HIGIENE Y CUIDADO CAPILAR|18.09676075
285867|HIGIENE Y CUIDADO CAPILAR|20.3868231
504904|SISTEMA GENITOURINARIO Y HORMONAS SEXUAL|280.0088679
505129|SISTEMA CARDIOVASCULAR|830.379846
506261|SISTEMA GENITOURINARIO Y HORMONAS SEXUAL|18134.18743
510132|SISTEMA CARDIOVASCULAR|296.8433962
510791|SISTEMA GENITOURINARIO Y HORMONAS SEXUAL|5355.332008
510792|SISTEMA GENITOURINARIO Y HORMONAS SEXUAL|366.4915487
511572|HIGIENE Y CUIDADO CAPILAR|930.0674213
513877|SISTEMA CARDIOVASCULAR|167.8945722
515182|SISTEMA GENITOURINARIO Y HORMONAS SEXUAL|272.2983552
515253|SISTEMA CARDIOVASCULAR|2496.194365
522844|SISTEMA GENITOURINARIO Y HORMONAS SEXUAL|6718.355553
528725|SISTEMA CARDIOVASCULAR|3264.26846
529146|SISTEMA GENITOURINARIO Y HORMONAS SEXUAL|318.3684048
529602|SISTEMA GENITOURINARIO Y HORMONAS SEXUAL|1240.298122
531982|HIGIENE Y CUIDADO CAPILAR|0
531984|HIGIENE Y CUIDADO CAPILAR|0
533873|HIGIENE Y CUIDADO CAPILAR|360.8153371
533874|HIGIENE Y CUIDADO CAPILAR|220.1985338
533877|HIGIENE Y CUIDADO CAPILAR|259.5851476
534026|HIGIENE Y CUIDADO CAPILAR|11.06075058
534749|HIGIENE Y CUIDADO CAPILAR|0.63218075
534988|SISTEMA GENITOURINARIO Y HORMONAS SEXUAL|836.5060253
535054|SISTEMA GENITOURINARIO Y HORMONAS SEXUAL|106.7390147
536385|HIGIENE Y CUIDADO CAPILAR|375.5530201
536707|HIGIENE Y CUIDADO CAPILAR|285.2681622
536711|HIGIENE Y CUIDADO CAPILAR|295.6081271
536714|HIGIENE Y CUIDADO CAPILAR|98.51052554
536718|HIGIENE Y CUIDADO CAPILAR|5.410728012
536721|HIGIENE Y CUIDADO CAPILAR|1020.831931
536745|HIGIENE Y CUIDADO CAPILAR|9.746036655
536910|SISTEMA CARDIOVASCULAR|42212.56314
536913|SANGRE Y ORGANOS HEMATOPOYETICOS|4625.568755
536919|SISTEMA CARDIOVASCULAR|1294.541581
536927|SISTEMA GENITOURINARIO Y HORMONAS SEXUAL|5200.682341
536953|SISTEMA CARDIOVASCULAR|12150.38897
537125|HIGIENE Y CUIDADO CAPILAR|1891.373395
537166|HIGIENE Y CUIDADO CAPILAR|854.3841363
537176|HIGIENE Y CUIDADO CAPILAR|525.8624535
537177|HIGIENE Y CUIDADO CAPILAR|1597.406989
537191|HIGIENE Y CUIDADO CAPILAR|39.5451658
537405|SISTEMA CARDIOVASCULAR|58811.47803
537414|HIGIENE Y CUIDADO CAPILAR|26.16556508
537415|HIGIENE Y CUIDADO CAPILAR|1.481566044
537655|SISTEMA GENITOURINARIO Y HORMONAS SEXUAL|38.06308093
537728|SISTEMA CARDIOVASCULAR|347.397999
547805|HIGIENE Y CUIDADO CAPILAR|350.6594906
548341|HIGIENE Y CUIDADO CAPILAR|747.6761781
552698|SISTEMA CARDIOVASCULAR|102.0513361
557513|SISTEMA CARDIOVASCULAR|31966.61626
558419|SISTEMA CARDIOVASCULAR|186.269198
561384|SISTEMA CARDIOVASCULAR|1392.441639
562124|SANGRE Y ORGANOS HEMATOPOYETICOS|2310.854132
562384|HIGIENE Y CUIDADO CAPILAR|1884.426379
562398|HIGIENE Y CUIDADO CAPILAR|3005.317168
562400|HIGIENE Y CUIDADO CAPILAR|0.288983194
562402|HIGIENE Y CUIDADO CAPILAR|885.8977475
562417|SISTEMA CARDIOVASCULAR|9.457696685
563225|HIGIENE Y CUIDADO CAPILAR|649.9925371
563227|HIGIENE Y CUIDADO CAPILAR|264.8479164
563228|HIGIENE Y CUIDADO CAPILAR|198.1886079
563233|HIGIENE Y CUIDADO CAPILAR|19.92313018
563722|HIGIENE Y CUIDADO CAPILAR|7.445080997
563725|HIGIENE Y CUIDADO CAPILAR|22.95767922
563734|HIGIENE Y CUIDADO CAPILAR|437.3541713
563782|HIGIENE Y CUIDADO CAPILAR|9.150049987
563785|HIGIENE Y CUIDADO CAPILAR|81.03495926
563788|HIGIENE Y CUIDADO CAPILAR|188.1300211
563791|HIGIENE Y CUIDADO CAPILAR|134.7836598
563794|HIGIENE Y CUIDADO CAPILAR|303.6150895
563795|HIGIENE Y CUIDADO CAPILAR|183.4952082
563799|HIGIENE Y CUIDADO CAPILAR|44.51083023
563823|HIGIENE Y CUIDADO CAPILAR|319.1170859
563827|HIGIENE Y CUIDADO CAPILAR|81.74149284
563828|HIGIENE Y CUIDADO CAPILAR|278.1328365
563833|HIGIENE Y CUIDADO CAPILAR|23.18311507
563834|HIGIENE Y CUIDADO CAPILAR|96.08583993
563836|HIGIENE Y CUIDADO CAPILAR|213.6793773
563839|HIGIENE Y CUIDADO CAPILAR|31.9230396
563840|HIGIENE Y CUIDADO CAPILAR|80.73639171
563884|HIGIENE Y CUIDADO CAPILAR|1853.67873
563887|HIGIENE Y CUIDADO CAPILAR|3175.379793
563890|HIGIENE Y CUIDADO CAPILAR|176.0974729
563893|HIGIENE Y CUIDADO CAPILAR|696.726131
563896|HIGIENE Y CUIDADO CAPILAR|1094.195501
563909|HIGIENE Y CUIDADO CAPILAR|112.2221023
284199|HIGIENE Y CUIDADO CAPILAR|6.436348568
284351|HIGIENE Y CUIDADO CAPILAR|10.86606393
284352|HIGIENE Y CUIDADO CAPILAR|113.8193448
284398|SISTEMA CARDIOVASCULAR|24.67279276
284510|HIGIENE Y CUIDADO CAPILAR|2.685841365
284515|HIGIENE Y CUIDADO CAPILAR|34.74304865
284519|HIGIENE Y CUIDADO CAPILAR|0.169728966
284860|SISTEMA GENITOURINARIO Y HORMONAS SEXUAL|1824.901847
284901|HIGIENE Y CUIDADO CAPILAR|13.93004781
284911|HIGIENE Y CUIDADO CAPILAR|18.71554583
284914|HIGIENE Y CUIDADO CAPILAR|26.73905153
285048|SANGRE Y ORGANOS HEMATOPOYETICOS|97.28589047
285665|HIGIENE Y CUIDADO CAPILAR|0.578826329
285905|HIGIENE Y CUIDADO CAPILAR|13.35408904
504247|SISTEMA CARDIOVASCULAR|4306.721465
505835|SISTEMA CARDIOVASCULAR|82.00191631
505836|SISTEMA CARDIOVASCULAR|235.6721143
506372|HIGIENE Y CUIDADO CAPILAR|327.6177216
506888|SANGRE Y ORGANOS HEMATOPOYETICOS|875.5482229
510221|SISTEMA CARDIOVASCULAR|4582.717325
511493|SISTEMA CARDIOVASCULAR|666.6597529
513061|SISTEMA CARDIOVASCULAR|-1.419746952
513083|SISTEMA GENITOURINARIO Y HORMONAS SEXUAL|11556.66359
513469|SISTEMA GENITOURINARIO Y HORMONAS SEXUAL|112.0153013
514017|SISTEMA GENITOURINARIO Y HORMONAS SEXUAL|1171.739205
515207|SISTEMA CARDIOVASCULAR|-2.341232074
522842|SISTEMA GENITOURINARIO Y HORMONAS SEXUAL|6104.657186
527772|SISTEMA GENITOURINARIO Y HORMONAS SEXUAL|4794.09915
529103|HIGIENE Y CUIDADO CAPILAR|46.06680545
529995|HIGIENE Y CUIDADO CAPILAR|1.18287619
533887|HIGIENE Y CUIDADO CAPILAR|40.87812126
534030|HIGIENE Y CUIDADO CAPILAR|1325.051575
534416|SISTEMA CARDIOVASCULAR|2257.348825
534748|HIGIENE Y CUIDADO CAPILAR|1.539881053
534987|SISTEMA GENITOURINARIO Y HORMONAS SEXUAL|65.88613365
535053|SISTEMA GENITOURINARIO Y HORMONAS SEXUAL|14.53601121
536386|HIGIENE Y CUIDADO CAPILAR|276.8710365
536696|HIGIENE Y CUIDADO CAPILAR|41.32248235
536697|HIGIENE Y CUIDADO CAPILAR|68.49203932
536698|HIGIENE Y CUIDADO CAPILAR|103.488422
536712|HIGIENE Y CUIDADO CAPILAR|162.8272048
536713|HIGIENE Y CUIDADO CAPILAR|385.9687231
536716|HIGIENE Y CUIDADO CAPILAR|623.4655941
536719|HIGIENE Y CUIDADO CAPILAR|0.686639003
536720|HIGIENE Y CUIDADO CAPILAR|2.81021212
536722|HIGIENE Y CUIDADO CAPILAR|81.98871657
536906|SISTEMA CARDIOVASCULAR|15874.88249
536935|SISTEMA CARDIOVASCULAR|7828.744649
537101|HIGIENE Y CUIDADO CAPILAR|184.2160082
537111|HIGIENE Y CUIDADO CAPILAR|158.3577035
537127|HIGIENE Y CUIDADO CAPILAR|1033.815725
537163|HIGIENE Y CUIDADO CAPILAR|2536.005
537167|HIGIENE Y CUIDADO CAPILAR|59.39243049
537185|HIGIENE Y CUIDADO CAPILAR|1028.647802
537410|HIGIENE Y CUIDADO CAPILAR|1.276249327
537411|HIGIENE Y CUIDADO CAPILAR|29.94380546
537412|HIGIENE Y CUIDADO CAPILAR|0.496563249
537418|HIGIENE Y CUIDADO CAPILAR|16.39426865
537548|HIGIENE Y CUIDADO CAPILAR|0.12946219
537553|HIGIENE Y CUIDADO CAPILAR|2.523469319
537578|HIGIENE Y CUIDADO CAPILAR|385.1156122
537725|SISTEMA CARDIOVASCULAR|1927.222873
537726|SISTEMA CARDIOVASCULAR|100.7062649
537730|SISTEMA CARDIOVASCULAR|889.7129696
539383|SISTEMA CARDIOVASCULAR|107.6606303
541057|SISTEMA CARDIOVASCULAR|-2.495654411
543612|SISTEMA CARDIOVASCULAR|-11.14769369
547806|HIGIENE Y CUIDADO CAPILAR|333.8770485
548531|HIGIENE Y CUIDADO CAPILAR|126.0043755
555619|SISTEMA CARDIOVASCULAR|1012.354222
557431|HIGIENE Y CUIDADO CAPILAR|814.4778778
557485|HIGIENE Y CUIDADO CAPILAR|1024.514239
557512|SISTEMA CARDIOVASCULAR|16323.44017
559183|SISTEMA CARDIOVASCULAR|0.650546766
561217|SISTEMA CARDIOVASCULAR|2187.657441
561383|SISTEMA CARDIOVASCULAR|135.3371759
561466|SISTEMA GENITOURINARIO Y HORMONAS SEXUAL|72.07203173
561763|HIGIENE Y CUIDADO CAPILAR|7.651517901
562121|SISTEMA CARDIOVASCULAR|36.65340251
562126|SISTEMA CARDIOVASCULAR|1285.713573
562381|HIGIENE Y CUIDADO CAPILAR|1805.57484
562382|HIGIENE Y CUIDADO CAPILAR|97.96525644
562383|HIGIENE Y CUIDADO CAPILAR|876.653922
562388|HIGIENE Y CUIDADO CAPILAR|810.464661
562389|HIGIENE Y CUIDADO CAPILAR|2792.702086
562390|HIGIENE Y CUIDADO CAPILAR|1151.800946
562391|HIGIENE Y CUIDADO CAPILAR|0.152865723
562393|HIGIENE Y CUIDADO CAPILAR|1885.269584
562394|HIGIENE Y CUIDADO CAPILAR|5450.971854
562407|HIGIENE Y CUIDADO CAPILAR|0.017147619
562416|SISTEMA CARDIOVASCULAR|8.758897577
563226|HIGIENE Y CUIDADO CAPILAR|263.6989098
563230|HIGIENE Y CUIDADO CAPILAR|13.07177721
563726|HIGIENE Y CUIDADO CAPILAR|8.346976821
563727|HIGIENE Y CUIDADO CAPILAR|12.00397707
563736|HIGIENE Y CUIDADO CAPILAR|51.32938838
563783|HIGIENE Y CUIDADO CAPILAR|46.88690345
563784|HIGIENE Y CUIDADO CAPILAR|130.1038164
563787|HIGIENE Y CUIDADO CAPILAR|207.4330531
563793|HIGIENE Y CUIDADO CAPILAR|30.30361192
563801|HIGIENE Y CUIDADO CAPILAR|30.05314896
563826|HIGIENE Y CUIDADO CAPILAR|546.8862688
504246|SISTEMA CARDIOVASCULAR|225.0448443
504905|SISTEMA GENITOURINARIO Y HORMONAS SEXUAL|402.5866376
505100|SISTEMA CARDIOVASCULAR|4797.771325
505130|SISTEMA CARDIOVASCULAR|214.9485152
511113|SISTEMA GENITOURINARIO Y HORMONAS SEXUAL|51.48493653
514359|SISTEMA CARDIOVASCULAR|2.402094991
514449|SISTEMA CARDIOVASCULAR|3417.687036
514817|SISTEMA GENITOURINARIO Y HORMONAS SEXUAL|3.085812593
514823|SISTEMA CARDIOVASCULAR|8595.050949
515219|SISTEMA GENITOURINARIO Y HORMONAS SEXUAL|137.7994033
515954|SISTEMA CARDIOVASCULAR|35.94001923
529102|HIGIENE Y CUIDADO CAPILAR|29.0610369
529320|SISTEMA CARDIOVASCULAR|1.468566316
533900|HIGIENE Y CUIDADO CAPILAR|235.6872672
533905|HIGIENE Y CUIDADO CAPILAR|11.42414709
534703|HIGIENE Y CUIDADO CAPILAR|125.4156894
534750|HIGIENE Y CUIDADO CAPILAR|3.230604571
534756|HIGIENE Y CUIDADO CAPILAR|0.060406199
534767|HIGIENE Y CUIDADO CAPILAR|0.072696745
534998|SISTEMA GENITOURINARIO Y HORMONAS SEXUAL|2325.735817
536703|HIGIENE Y CUIDADO CAPILAR|7.515497195
536708|HIGIENE Y CUIDADO CAPILAR|72.65450551
536715|HIGIENE Y CUIDADO CAPILAR|1196.576381
536717|HIGIENE Y CUIDADO CAPILAR|24.32678584
536723|HIGIENE Y CUIDADO CAPILAR|70.95250937
536730|HIGIENE Y CUIDADO CAPILAR|41.72675054
536734|HIGIENE Y CUIDADO CAPILAR|2.968068481
536737|HIGIENE Y CUIDADO CAPILAR|80.77679512
536744|HIGIENE Y CUIDADO CAPILAR|402.7534115
536933|SANGRE Y ORGANOS HEMATOPOYETICOS|26909.24207
536934|SANGRE Y ORGANOS HEMATOPOYETICOS|271.7543324
537026|HIGIENE Y CUIDADO CAPILAR|212.2438858
537154|HIGIENE Y CUIDADO CAPILAR|530.851519
537175|HIGIENE Y CUIDADO CAPILAR|2877.13767
537413|HIGIENE Y CUIDADO CAPILAR|79.42338697
537419|HIGIENE Y CUIDADO CAPILAR|10.1682213
537579|HIGIENE Y CUIDADO CAPILAR|61.49041807
537582|HIGIENE Y CUIDADO CAPILAR|75.66866671
537583|HIGIENE Y CUIDADO CAPILAR|1.717030466
537724|SISTEMA CARDIOVASCULAR|1003.773824
537734|SISTEMA CARDIOVASCULAR|205.1304956
548342|HIGIENE Y CUIDADO CAPILAR|394.613295
548529|HIGIENE Y CUIDADO CAPILAR|1509.469762
548530|HIGIENE Y CUIDADO CAPILAR|330.6234191
555358|SISTEMA GENITOURINARIO Y HORMONAS SEXUAL|-0.073765166
557432|HIGIENE Y CUIDADO CAPILAR|277.3209412
557452|HIGIENE Y CUIDADO CAPILAR|743.2697165
558420|SISTEMA CARDIOVASCULAR|3348.545656
561534|SISTEMA GENITOURINARIO Y HORMONAS SEXUAL|569.1432848
562120|SISTEMA CARDIOVASCULAR|482.3103324
562379|HIGIENE Y CUIDADO CAPILAR|6216.970189
563830|HIGIENE Y CUIDADO CAPILAR|1384.551503
563837|HIGIENE Y CUIDADO CAPILAR|765.0168058
563838|HIGIENE Y CUIDADO CAPILAR|44.16328618
563843|HIGIENE Y CUIDADO CAPILAR|63.72793144
563847|HIGIENE Y CUIDADO CAPILAR|116.5598888
563885|HIGIENE Y CUIDADO CAPILAR|141.0627337
563886|HIGIENE Y CUIDADO CAPILAR|1181.86355
563889|HIGIENE Y CUIDADO CAPILAR|127.1530345
563892|HIGIENE Y CUIDADO CAPILAR|1084.580814
563897|HIGIENE Y CUIDADO CAPILAR|44.76401078
563900|HIGIENE Y CUIDADO CAPILAR|140.6095849
563908|HIGIENE Y CUIDADO CAPILAR|62.17292635
563917|HIGIENE Y CUIDADO CAPILAR|808.7217304
563919|HIGIENE Y CUIDADO CAPILAR|18.44435442
563923|HIGIENE Y CUIDADO CAPILAR|1253.980131
563957|HIGIENE Y CUIDADO CAPILAR|8.250633154
563958|HIGIENE Y CUIDADO CAPILAR|155.6760836
563959|HIGIENE Y CUIDADO CAPILAR|2586.210239
563978|HIGIENE Y CUIDADO CAPILAR|93.8346005
563988|HIGIENE Y CUIDADO CAPILAR|10.38375868
566035|HIGIENE Y CUIDADO CAPILAR|1022.781151
566318|HIGIENE Y CUIDADO CAPILAR|957.6551996
567642|HIGIENE Y CUIDADO CAPILAR|479.3686024
567716|HIGIENE Y CUIDADO CAPILAR|168.421224
567723|HIGIENE Y CUIDADO CAPILAR|15.10224698
567797|HIGIENE Y CUIDADO CAPILAR|1.675686649
567829|HIGIENE Y CUIDADO CAPILAR|2120.846033
567830|HIGIENE Y CUIDADO CAPILAR|105.5258001
567831|HIGIENE Y CUIDADO CAPILAR|13.39574153
567894|HIGIENE Y CUIDADO CAPILAR|-47.11908565
567922|HIGIENE Y CUIDADO CAPILAR|318.0790863
567981|SISTEMA CARDIOVASCULAR|1193.426214
568053|SISTEMA CARDIOVASCULAR|282.3652412
568275|HIGIENE Y CUIDADO CAPILAR|190.1747653
568277|HIGIENE Y CUIDADO CAPILAR|56.9730626
568286|HIGIENE Y CUIDADO CAPILAR|21.96965209
568287|HIGIENE Y CUIDADO CAPILAR|108.5255432
568292|HIGIENE Y CUIDADO CAPILAR|1.161902966
568293|HIGIENE Y CUIDADO CAPILAR|4.268526665
571919|SISTEMA GENITOURINARIO Y HORMONAS SEXUAL|544.1797665
572238|HIGIENE Y CUIDADO CAPILAR|69.98955427
579376|SISTEMA CARDIOVASCULAR|782.3519118
579660|SISTEMA GENITOURINARIO Y HORMONAS SEXUAL|511.9890123
579829|SISTEMA CARDIOVASCULAR|6.633114963
587571|SISTEMA CARDIOVASCULAR|3246.093051
590153|SISTEMA GENITOURINARIO Y HORMONAS SEXUAL|3.986715047
640060|SISTEMA GENITOURINARIO Y HORMONAS SEXUAL|17483.66045
662855|SISTEMA GENITOURINARIO Y HORMONAS SEXUAL|1114.759214
673504|SISTEMA GENITOURINARIO Y HORMONAS SEXUAL|269.3503175
801157|HIGIENE Y CUIDADO CAPILAR|29.06927684
562395|HIGIENE Y CUIDADO CAPILAR|0.542846619
562399|HIGIENE Y CUIDADO CAPILAR|2002.888413
563187|HIGIENE Y CUIDADO CAPILAR|91.99568798
563188|HIGIENE Y CUIDADO CAPILAR|13.49950112
563229|HIGIENE Y CUIDADO CAPILAR|629.1811923
563234|HIGIENE Y CUIDADO CAPILAR|112.4588186
563733|HIGIENE Y CUIDADO CAPILAR|550.4207617
563748|HIGIENE Y CUIDADO CAPILAR|2.813763605
563749|HIGIENE Y CUIDADO CAPILAR|3.383595976
563786|HIGIENE Y CUIDADO CAPILAR|198.3644802
563789|HIGIENE Y CUIDADO CAPILAR|1.827871546
563790|HIGIENE Y CUIDADO CAPILAR|102.0967348
563796|HIGIENE Y CUIDADO CAPILAR|4.037940415
563800|HIGIENE Y CUIDADO CAPILAR|160.8334914
563824|HIGIENE Y CUIDADO CAPILAR|167.8618058
563825|HIGIENE Y CUIDADO CAPILAR|107.4364679
563831|HIGIENE Y CUIDADO CAPILAR|188.6491503
563842|HIGIENE Y CUIDADO CAPILAR|31.0651566
563850|HIGIENE Y CUIDADO CAPILAR|1067.584714
563881|HIGIENE Y CUIDADO CAPILAR|2431.980041
563891|HIGIENE Y CUIDADO CAPILAR|1733.966136
563898|HIGIENE Y CUIDADO CAPILAR|67.33893964
563899|HIGIENE Y CUIDADO CAPILAR|2.224092762
563902|HIGIENE Y CUIDADO CAPILAR|35.31500517
563920|HIGIENE Y CUIDADO CAPILAR|869.2579626
563921|HIGIENE Y CUIDADO CAPILAR|243.9237999
563926|HIGIENE Y CUIDADO CAPILAR|140.7305314
563927|HIGIENE Y CUIDADO CAPILAR|670.193057
563956|HIGIENE Y CUIDADO CAPILAR|286.6398461
563961|HIGIENE Y CUIDADO CAPILAR|238.1999837
563998|HIGIENE Y CUIDADO CAPILAR|9.727164667
564852|SISTEMA GENITOURINARIO Y HORMONAS SEXUAL|3581.520574
566034|HIGIENE Y CUIDADO CAPILAR|10201.12912
566317|HIGIENE Y CUIDADO CAPILAR|3524.501763
566319|HIGIENE Y CUIDADO CAPILAR|3253.06542
567665|HIGIENE Y CUIDADO CAPILAR|407.7291437
567685|HIGIENE Y CUIDADO CAPILAR|831.5467731
567721|HIGIENE Y CUIDADO CAPILAR|-180.6267847
567722|HIGIENE Y CUIDADO CAPILAR|14.75586546
567724|HIGIENE Y CUIDADO CAPILAR|-4.726624714
567818|HIGIENE Y CUIDADO CAPILAR|2.72209487
567863|HIGIENE Y CUIDADO CAPILAR|147.8610582
567863|HIGIENE Y CUIDADO CAPILAR|245.1235191
567865|HIGIENE Y CUIDADO CAPILAR|82.15512083
567866|HIGIENE Y CUIDADO CAPILAR|21.85040624
567982|SISTEMA CARDIOVASCULAR|1025.532376
567995|HIGIENE Y CUIDADO CAPILAR|510.6935128
568285|HIGIENE Y CUIDADO CAPILAR|7.017924172
568289|HIGIENE Y CUIDADO CAPILAR|14.66360566
568290|HIGIENE Y CUIDADO CAPILAR|57.10309925
563913|HIGIENE Y CUIDADO CAPILAR|28.90998331
563922|HIGIENE Y CUIDADO CAPILAR|214.8489663
563924|HIGIENE Y CUIDADO CAPILAR|577.3926573
563925|HIGIENE Y CUIDADO CAPILAR|51241.94157
563927|HIGIENE Y CUIDADO CAPILAR|31.66704814
563997|HIGIENE Y CUIDADO CAPILAR|266.7211128
565802|SISTEMA CARDIOVASCULAR|-19.6582481
566036|HIGIENE Y CUIDADO CAPILAR|184.4103908
567055|SANGRE Y ORGANOS HEMATOPOYETICOS|10.63003197
567718|HIGIENE Y CUIDADO CAPILAR|38.10732843
567720|HIGIENE Y CUIDADO CAPILAR|69.71153428
567832|HIGIENE Y CUIDADO CAPILAR|9.588815505
567864|HIGIENE Y CUIDADO CAPILAR|146.2290605
567864|HIGIENE Y CUIDADO CAPILAR|68.16410064
567896|HIGIENE Y CUIDADO CAPILAR|3788.971852
567897|HIGIENE Y CUIDADO CAPILAR|253.3362413
567898|HIGIENE Y CUIDADO CAPILAR|231.3872189
568274|HIGIENE Y CUIDADO CAPILAR|183.5349913
568276|HIGIENE Y CUIDADO CAPILAR|57.44678295
568279|HIGIENE Y CUIDADO CAPILAR|81.87457755
568280|HIGIENE Y CUIDADO CAPILAR|165.3979604
568281|HIGIENE Y CUIDADO CAPILAR|49.69901163
568283|HIGIENE Y CUIDADO CAPILAR|42.56029454
568284|HIGIENE Y CUIDADO CAPILAR|49.93690749
571868|SISTEMA GENITOURINARIO Y HORMONAS SEXUAL|1831.081575
572377|SISTEMA CARDIOVASCULAR|621.1125263
572735|SANGRE Y ORGANOS HEMATOPOYETICOS|4698.028093
574195|HIGIENE Y CUIDADO CAPILAR|67.29669227
578926|SISTEMA CARDIOVASCULAR|487.5127339
579371|SISTEMA CARDIOVASCULAR|1494.8122
579830|SISTEMA CARDIOVASCULAR|37.2558689
590104|SISTEMA GENITOURINARIO Y HORMONAS SEXUAL|775.6418809
590151|SISTEMA GENITOURINARIO Y HORMONAS SEXUAL|157.6646073
590151|SISTEMA GENITOURINARIO Y HORMONAS SEXUAL|11.04211345
590153|SISTEMA GENITOURINARIO Y HORMONAS SEXUAL|1225.511484
640038|SANGRE Y ORGANOS HEMATOPOYETICOS|17076.31376
640086|SANGRE Y ORGANOS HEMATOPOYETICOS|17594.57585
662857|SISTEMA GENITOURINARIO Y HORMONAS SEXUAL|29.32285783
801147|HIGIENE Y CUIDADO CAPILAR|28.37601892
801151|HIGIENE Y CUIDADO CAPILAR|1.248959479
801152|HIGIENE Y CUIDADO CAPILAR|19.5992266
801154|HIGIENE Y CUIDADO CAPILAR|4.565721389
815056|SISTEMA CARDIOVASCULAR|42.39149743
568296|HIGIENE Y CUIDADO CAPILAR|11.91665402
568297|HIGIENE Y CUIDADO CAPILAR|30.7361137
570034|SANGRE Y ORGANOS HEMATOPOYETICOS|673.3403151
570039|SISTEMA GENITOURINARIO Y HORMONAS SEXUAL|15.40681346
570045|SISTEMA CARDIOVASCULAR|116.2896729
570535|SISTEMA CARDIOVASCULAR|130.689956
570550|SISTEMA GENITOURINARIO Y HORMONAS SEXUAL|633.270404
571210|SISTEMA GENITOURINARIO Y HORMONAS SEXUAL|42388.76271
571941|SISTEMA CARDIOVASCULAR|316.0605773
572254|SISTEMA CARDIOVASCULAR|545.4752869
574279|SISTEMA CARDIOVASCULAR|171.7408588
576189|SISTEMA GENITOURINARIO Y HORMONAS SEXUAL|11612.68053
577107|SISTEMA GENITOURINARIO Y HORMONAS SEXUAL|760.1302697
578646|SISTEMA CARDIOVASCULAR|7.074981198
582130|SISTEMA CARDIOVASCULAR|36.06149045
587569|SISTEMA CARDIOVASCULAR|41.79060926
590122|SISTEMA GENITOURINARIO Y HORMONAS SEXUAL|607.0491672
590124|SISTEMA GENITOURINARIO Y HORMONAS SEXUAL|609.1971773
590125|SISTEMA CARDIOVASCULAR|166.4445165
640012|SANGRE Y ORGANOS HEMATOPOYETICOS|25810.84291
640039|SANGRE Y ORGANOS HEMATOPOYETICOS|49525.23718
640096|SANGRE Y ORGANOS HEMATOPOYETICOS|26107.5944
662877|SISTEMA GENITOURINARIO Y HORMONAS SEXUAL|2533.02453
667422|SISTEMA GENITOURINARIO Y HORMONAS SEXUAL|16393.41033
673503|SISTEMA GENITOURINARIO Y HORMONAS SEXUAL|161.0958779
801150|HIGIENE Y CUIDADO CAPILAR|2.506794557
801153|HIGIENE Y CUIDADO CAPILAR|9.799579616
801156|HIGIENE Y CUIDADO CAPILAR|52.69891661
284123|HIGIENE Y CUIDADO CAPILAR|0.126329835
284200|HIGIENE Y CUIDADO CAPILAR|0.649176872
284201|HIGIENE Y CUIDADO CAPILAR|37.08088016
284205|HIGIENE Y CUIDADO CAPILAR|30.69238107
284258|HIGIENE Y CUIDADO CAPILAR|74.53814717
284353|HIGIENE Y CUIDADO CAPILAR|10.97973487
284392|HIGIENE Y CUIDADO CAPILAR|10.16963942
284399|SISTEMA CARDIOVASCULAR|12.02485191
284451|SISTEMA GENITOURINARIO Y HORMONAS SEXUAL|239.0927247
284511|HIGIENE Y CUIDADO CAPILAR|15.3457154
284517|HIGIENE Y CUIDADO CAPILAR|15.10285296
284889|HIGIENE Y CUIDADO CAPILAR|38.20420231
284890|HIGIENE Y CUIDADO CAPILAR|57.97450839
284910|HIGIENE Y CUIDADO CAPILAR|39.20245345
285048|SANGRE Y ORGANOS HEMATOPOYETICOS|296.6338187
285897|HIGIENE Y CUIDADO CAPILAR|6.121678139
501557|SISTEMA CARDIOVASCULAR|524.8706055
502102|SANGRE Y ORGANOS HEMATOPOYETICOS|6.824205887
505099|SISTEMA CARDIOVASCULAR|75.20348661
505837|SISTEMA CARDIOVASCULAR|122.6587225
506371|HIGIENE Y CUIDADO CAPILAR|24838.77678
510148|SISTEMA CARDIOVASCULAR|43.51604821
510295|SISTEMA CARDIOVASCULAR|314.969775
511285|SISTEMA CARDIOVASCULAR|2722.626599
511570|HIGIENE Y CUIDADO CAPILAR|326.6374509
512683|SISTEMA GENITOURINARIO Y HORMONAS SEXUAL|492.4110006
513542|SISTEMA GENITOURINARIO Y HORMONAS SEXUAL|858.7917025
513879|SISTEMA GENITOURINARIO Y HORMONAS SEXUAL|6065.551842
515635|HIGIENE Y CUIDADO CAPILAR|219.701794
523473|SANGRE Y ORGANOS HEMATOPOYETICOS|4116.862668
529369|HIGIENE Y CUIDADO CAPILAR|8.626964894
529993|HIGIENE Y CUIDADO CAPILAR|48.82529411
533901|HIGIENE Y CUIDADO CAPILAR|99.7751399
533902|HIGIENE Y CUIDADO CAPILAR|0.766410176
534029|HIGIENE Y CUIDADO CAPILAR|853.5612427
534705|HIGIENE Y CUIDADO CAPILAR|29.30783232
534738|HIGIENE Y CUIDADO CAPILAR|54.29521422
534740|HIGIENE Y CUIDADO CAPILAR|1.883563742
534766|HIGIENE Y CUIDADO CAPILAR|26.18864148
534957|SISTEMA GENITOURINARIO Y HORMONAS SEXUAL|604.7752982
535283|HIGIENE Y CUIDADO CAPILAR|143.8657889
536706|HIGIENE Y CUIDADO CAPILAR|452.1484721
536735|HIGIENE Y CUIDADO CAPILAR|18.530652
536740|HIGIENE Y CUIDADO CAPILAR|36.8382623
536907|SISTEMA CARDIOVASCULAR|30308.26263
536950|SANGRE Y ORGANOS HEMATOPOYETICOS|18709.23309
536952|SISTEMA CARDIOVASCULAR|4001.502108
537102|HIGIENE Y CUIDADO CAPILAR|891.9222914
537105|HIGIENE Y CUIDADO CAPILAR|71.56736898
537124|HIGIENE Y CUIDADO CAPILAR|227.0368098
537160|HIGIENE Y CUIDADO CAPILAR|195.1891005
537184|HIGIENE Y CUIDADO CAPILAR|421.1379928
537186|HIGIENE Y CUIDADO CAPILAR|146.3457087
537402|SISTEMA GENITOURINARIO Y HORMONAS SEXUAL|-133.2581352
537403|SISTEMA GENITOURINARIO Y HORMONAS SEXUAL|-136.8270692
537417|HIGIENE Y CUIDADO CAPILAR|22.43588434
537581|HIGIENE Y CUIDADO CAPILAR|72.72870919
537723|SISTEMA CARDIOVASCULAR|918.4614782
537727|SISTEMA CARDIOVASCULAR|18.19009778
537729|SISTEMA CARDIOVASCULAR|367.7325948
537731|SISTEMA CARDIOVASCULAR|178.0011302
537732|SISTEMA CARDIOVASCULAR|12.40907362
537733|SISTEMA CARDIOVASCULAR|1008.796864
539346|SISTEMA GENITOURINARIO Y HORMONAS SEXUAL|321.5779266
541014|SISTEMA GENITOURINARIO Y HORMONAS SEXUAL|-92.69129684
554321|SISTEMA CARDIOVASCULAR|71.57704791
554385|SISTEMA CARDIOVASCULAR|55.24746322
557433|HIGIENE Y CUIDADO CAPILAR|5.350641501
557434|HIGIENE Y CUIDADO CAPILAR|259.8555605
557435|HIGIENE Y CUIDADO CAPILAR|28.56600627
557436|HIGIENE Y CUIDADO CAPILAR|243.306863
557437|HIGIENE Y CUIDADO CAPILAR|47.99949965
557515|SISTEMA CARDIOVASCULAR|2118.579212
561218|SISTEMA CARDIOVASCULAR|3302.453874
561382|SISTEMA CARDIOVASCULAR|359.5801192
561475|SISTEMA GENITOURINARIO Y HORMONAS SEXUAL|267.5129125
562122|SISTEMA CARDIOVASCULAR|773.6098165
562378|HIGIENE Y CUIDADO CAPILAR|3261.63583
562385|HIGIENE Y CUIDADO CAPILAR|1443.912799
562387|HIGIENE Y CUIDADO CAPILAR|3434.894598
562396|HIGIENE Y CUIDADO CAPILAR|857.0527896
562397|HIGIENE Y CUIDADO CAPILAR|1546.67744
562408|HIGIENE Y CUIDADO CAPILAR|1259.184639
563231|HIGIENE Y CUIDADO CAPILAR|139.9004205
563232|HIGIENE Y CUIDADO CAPILAR|187.7247259
563723|HIGIENE Y CUIDADO CAPILAR|99.06623734
563724|HIGIENE Y CUIDADO CAPILAR|28.58389965
563735|HIGIENE Y CUIDADO CAPILAR|78.92741917
563746|HIGIENE Y CUIDADO CAPILAR|143.3019834
563781|HIGIENE Y CUIDADO CAPILAR|34.87834277
563792|HIGIENE Y CUIDADO CAPILAR|22.77032212
563797|HIGIENE Y CUIDADO CAPILAR|147.1807576
563798|HIGIENE Y CUIDADO CAPILAR|416.9860939
563829|HIGIENE Y CUIDADO CAPILAR|1095.33024
563832|HIGIENE Y CUIDADO CAPILAR|16.73128039
563835|HIGIENE Y CUIDADO CAPILAR|55.62528402
563841|HIGIENE Y CUIDADO CAPILAR|75.06060764
563844|HIGIENE Y CUIDADO CAPILAR|45.73646669
563845|HIGIENE Y CUIDADO CAPILAR|437.3497536
563846|HIGIENE Y CUIDADO CAPILAR|467.0508641
563848|HIGIENE Y CUIDADO CAPILAR|376.9292804
563849|HIGIENE Y CUIDADO CAPILAR|448.4214815
563851|HIGIENE Y CUIDADO CAPILAR|40.46186487
563882|HIGIENE Y CUIDADO CAPILAR|1887.372428
563883|HIGIENE Y CUIDADO CAPILAR|3150.6492
563888|HIGIENE Y CUIDADO CAPILAR|118.6775178
563894|HIGIENE Y CUIDADO CAPILAR|144.2621484
563895|HIGIENE Y CUIDADO CAPILAR|181.1486565
563901|HIGIENE Y CUIDADO CAPILAR|5.264402572
563903|HIGIENE Y CUIDADO CAPILAR|5.367499919
563910|HIGIENE Y CUIDADO CAPILAR|186.0747794
563911|HIGIENE Y CUIDADO CAPILAR|47.67937663
563912|HIGIENE Y CUIDADO CAPILAR|322.2300931
563918|HIGIENE Y CUIDADO CAPILAR|23.52796515
563960|HIGIENE Y CUIDADO CAPILAR|1783.982948
563987|HIGIENE Y CUIDADO CAPILAR|15.53918549
565803|SISTEMA CARDIOVASCULAR|-5.113584765
566033|HIGIENE Y CUIDADO CAPILAR|-9.018469646
566320|HIGIENE Y CUIDADO CAPILAR|997.2745197
566572|SISTEMA CARDIOVASCULAR|1954.051131
567717|HIGIENE Y CUIDADO CAPILAR|143.9250791
567725|HIGIENE Y CUIDADO CAPILAR|19.57442852
567833|HIGIENE Y CUIDADO CAPILAR|264.7152432
567865|HIGIENE Y CUIDADO CAPILAR|40.14637179
567866|HIGIENE Y CUIDADO CAPILAR|34.80899505
567868|HIGIENE Y CUIDADO CAPILAR|287.2206428
567954|SISTEMA CARDIOVASCULAR|421.3137498
568278|HIGIENE Y CUIDADO CAPILAR|118.087691
568282|HIGIENE Y CUIDADO CAPILAR|325.9656897
568288|HIGIENE Y CUIDADO CAPILAR|1.814102988
568294||86.37957982
568295|HIGIENE Y CUIDADO CAPILAR|11.4091008
570530|SISTEMA CARDIOVASCULAR|18.27938515
571388|SISTEMA CARDIOVASCULAR|26.4189347
572808|SANGRE Y ORGANOS HEMATOPOYETICOS|2151.092093
579374|SISTEMA CARDIOVASCULAR|1064.438701
579375|SISTEMA CARDIOVASCULAR|203.2296935
579422|HIGIENE Y CUIDADO CAPILAR|355.9557262
587570||2252.685937
590102|SISTEMA GENITOURINARIO Y HORMONAS SEXUAL|1529.200173
590123|SISTEMA GENITOURINARIO Y HORMONAS SEXUAL|224.9985217
640011|SANGRE Y ORGANOS HEMATOPOYETICOS|13088.97712
640037|SANGRE Y ORGANOS HEMATOPOYETICOS|14107.67604
662858|SISTEMA GENITOURINARIO Y HORMONAS SEXUAL|294.8415338
662876||1125.620921
801146|HIGIENE Y CUIDADO CAPILAR|45.1394644
801148|HIGIENE Y CUIDADO CAPILAR|82.87157698
801149||294.6244947
801155|HIGIENE Y CUIDADO CAPILAR|51.98171105
814128|SISTEMA CARDIOVASCULAR|10.93774068
